{"palettes":{"index":0,"table":[[{"background":{"tag":"CustomColor","args":[{"r":1,"g":1,"b":1,"a":1}]},"foreground":{"tag":"CustomColor","args":[{"r":0.4235294117647059,"g":0.34509803921568627,"b":0.2980392156862745,"a":1}]}},[]]]},"formats":[{"order":0,"mOpen":true,"item":{"tag":"ItemFont","args":[{}]}},{"order":1,"mOpen":false,"item":{"tag":"ItemSvg","args":[{}]}}],"glyphs":[{"extras":{"name":"battery0-4","codePoint":61453},"node":{"tag":"Element","args":[{"tagName":"svg","attributes":{"fill":{"tag":"Value","args":[{"tag":"Paint","args":[{"tag":"CurrentColor","args":[]}]}]},"id":{"tag":"StringValue","args":["Capa_1"]},"version":{"tag":"StringValue","args":["1.1"]},"viewBox":{"tag":"Value","args":[{"tag":"ViewBox","args":[{"minX":0,"minY":0,"width":60,"height":60}]}]},"xmlns":{"tag":"StringValue","args":["http://www.w3.org/2000/svg"]}},"children":[{"tag":"Text","args":["\n\n"]},{"tag":"Element","args":[{"tagName":"g","attributes":{"id":{"tag":"StringValue","args":["g1"]}},"children":[{"tag":"Text","args":["\n"]},{"tag":"Element","args":[{"tagName":"path","attributes":{"d":{"tag":"Value","args":[{"tag":"Paths","args":[[{"start":[42.536,4],"endings":{"tag":"Connected","args":[]},"cmds":[{"tag":"LineTo","args":[{"point":[36,4]}]},{"tag":"LineTo","args":[{"point":[36,0]}]},{"tag":"LineTo","args":[{"point":[24,0]}]},{"tag":"LineTo","args":[{"point":[24,4]}]},{"tag":"LineTo","args":[{"point":[17.464,4]}]},{"tag":"BezierCurveTo","args":[{"tag":"CParams","args":[{"c1":[15.554,4],"c2":[14,5.554],"end":[14,7.464]}]}]},{"tag":"LineTo","args":[{"point":[14,56.536]}]},{"tag":"BezierCurveTo","args":[{"tag":"CParams","args":[{"c1":[14,58.446],"c2":[15.554,60],"end":[17.464,60]}]}]},{"tag":"LineTo","args":[{"point":[42.536,60]}]},{"tag":"BezierCurveTo","args":[{"tag":"CParams","args":[{"c1":[44.446,60],"c2":[46,58.446],"end":[46,56.536]}]}]},{"tag":"LineTo","args":[{"point":[46,7.464]}]},{"tag":"BezierCurveTo","args":[{"tag":"CParams","args":[{"c1":[46,5.554],"c2":[44.446,4],"end":[42.536,4]}]}]}]},{"start":[44,56.536],"endings":{"tag":"Connected","args":[]},"cmds":[{"tag":"BezierCurveTo","args":[{"tag":"CParams","args":[{"c1":[44,57.344],"c2":[43.344,58],"end":[42.536,58]}]}]},{"tag":"LineTo","args":[{"point":[17.464,58]}]},{"tag":"BezierCurveTo","args":[{"tag":"CParams","args":[{"c1":[16.656,58],"c2":[16,57.344],"end":[16,56.536]}]}]},{"tag":"LineTo","args":[{"point":[16,7.464]}]},{"tag":"BezierCurveTo","args":[{"tag":"CParams","args":[{"c1":[16,6.656],"c2":[16.656,6],"end":[17.464,6]}]}]},{"tag":"LineTo","args":[{"point":[24,6]}]},{"tag":"LineTo","args":[{"point":[36,6]}]},{"tag":"LineTo","args":[{"point":[42.536,6]}]},{"tag":"BezierCurveTo","args":[{"tag":"CParams","args":[{"c1":[43.344,6],"c2":[44,6.656],"end":[44,7.464]}]}]},{"tag":"LineTo","args":[{"point":[44,56.536]}]}]}]]}]},"id":{"tag":"StringValue","args":["path1"]}},"children":[]}]}]}]},{"tag":"Text","args":["\n\n\n\n\n\n\n\n\n\n\n\n\n\n\n"]}]}]},"palettes":{"index":0,"table":[[{"background":{"tag":"AutomaticColor","args":[]},"foreground":{"tag":"AutomaticColor","args":[]}},[]]]}},{"extras":{"name":"battery-1-4","codePoint":61452},"node":{"tag":"Element","args":[{"tagName":"svg","attributes":{"fill":{"tag":"Value","args":[{"tag":"Paint","args":[{"tag":"CurrentColor","args":[]}]}]},"id":{"tag":"StringValue","args":["Capa_1"]},"version":{"tag":"StringValue","args":["1.1"]},"viewBox":{"tag":"Value","args":[{"tag":"ViewBox","args":[{"minX":0,"minY":0,"width":60,"height":60}]}]},"xmlns":{"tag":"StringValue","args":["http://www.w3.org/2000/svg"]}},"children":[{"tag":"Text","args":["\n"]},{"tag":"Element","args":[{"tagName":"g","attributes":{"id":{"tag":"StringValue","args":["g2"]}},"children":[{"tag":"Text","args":["\n\t"]},{"tag":"Element","args":[{"tagName":"path","attributes":{"d":{"tag":"Value","args":[{"tag":"Paths","args":[[{"start":[14,47],"endings":{"tag":"Connected","args":[]},"cmds":[{"tag":"LineTo","args":[{"point":[14,56.536]}]},{"tag":"BezierCurveTo","args":[{"tag":"CParams","args":[{"c1":[14,58.446],"c2":[15.554,60],"end":[17.464,60]}]}]},{"tag":"LineTo","args":[{"point":[42.536,60]}]},{"tag":"BezierCurveTo","args":[{"tag":"CParams","args":[{"c1":[44.446,60],"c2":[46,58.446],"end":[46,56.536]}]}]},{"tag":"LineTo","args":[{"point":[46,47]}]},{"tag":"LineTo","args":[{"point":[14,47]}]}]}]]}]},"id":{"tag":"StringValue","args":["path1"]}},"children":[]}]},{"tag":"Text","args":["\n\t"]},{"tag":"Element","args":[{"tagName":"path","attributes":{"d":{"tag":"Value","args":[{"tag":"Paths","args":[[{"start":[46,45],"endings":{"tag":"Connected","args":[]},"cmds":[{"tag":"LineTo","args":[{"point":[46,7.464]}]},{"tag":"BezierCurveTo","args":[{"tag":"CParams","args":[{"c1":[46,5.554],"c2":[44.446,4],"end":[42.536,4]}]}]},{"tag":"LineTo","args":[{"point":[36,4]}]},{"tag":"LineTo","args":[{"point":[36,0]}]},{"tag":"LineTo","args":[{"point":[24,0]}]},{"tag":"LineTo","args":[{"point":[24,4]}]},{"tag":"LineTo","args":[{"point":[17.464,4]}]},{"tag":"BezierCurveTo","args":[{"tag":"CParams","args":[{"c1":[15.554,4],"c2":[14,5.554],"end":[14,7.464]}]}]},{"tag":"LineTo","args":[{"point":[14,45]}]},{"tag":"LineTo","args":[{"point":[46,45]}]}]},{"start":[16,7.464],"endings":{"tag":"Connected","args":[]},"cmds":[{"tag":"BezierCurveTo","args":[{"tag":"CParams","args":[{"c1":[16,6.656],"c2":[16.656,6],"end":[17.464,6]}]}]},{"tag":"LineTo","args":[{"point":[24,6]}]},{"tag":"LineTo","args":[{"point":[36,6]}]},{"tag":"LineTo","args":[{"point":[42.536,6]}]},{"tag":"BezierCurveTo","args":[{"tag":"CParams","args":[{"c1":[43.344,6],"c2":[44,6.656],"end":[44,7.464]}]}]},{"tag":"LineTo","args":[{"point":[44,43]}]},{"tag":"LineTo","args":[{"point":[16,43]}]},{"tag":"LineTo","args":[{"point":[16,7.464]}]}]}]]}]},"id":{"tag":"StringValue","args":["path2"]}},"children":[]}]},{"tag":"Text","args":["\n"]}]}]},{"tag":"Text","args":["\n\n\n\n\n\n\n\n\n\n\n\n\n\n\n\n"]}]}]},"palettes":{"index":0,"table":[[{"background":{"tag":"AutomaticColor","args":[]},"foreground":{"tag":"AutomaticColor","args":[]}},[]]]}},{"extras":{"name":"battery-2-4","codePoint":61451},"node":{"tag":"Element","args":[{"tagName":"svg","attributes":{"fill":{"tag":"Value","args":[{"tag":"Paint","args":[{"tag":"CurrentColor","args":[]}]}]},"id":{"tag":"StringValue","args":["Capa_1"]},"version":{"tag":"StringValue","args":["1.1"]},"viewBox":{"tag":"Value","args":[{"tag":"ViewBox","args":[{"minX":0,"minY":0,"width":60,"height":60}]}]},"xmlns":{"tag":"StringValue","args":["http://www.w3.org/2000/svg"]}},"children":[{"tag":"Text","args":["\n"]},{"tag":"Element","args":[{"tagName":"g","attributes":{"id":{"tag":"StringValue","args":["g2"]}},"children":[{"tag":"Text","args":["\n\t"]},{"tag":"Element","args":[{"tagName":"path","attributes":{"d":{"tag":"Value","args":[{"tag":"Paths","args":[[{"start":[14,36],"endings":{"tag":"Connected","args":[]},"cmds":[{"tag":"LineTo","args":[{"point":[14,56.536]}]},{"tag":"BezierCurveTo","args":[{"tag":"CParams","args":[{"c1":[14,58.446],"c2":[15.554,60],"end":[17.464,60]}]}]},{"tag":"LineTo","args":[{"point":[42.536,60]}]},{"tag":"BezierCurveTo","args":[{"tag":"CParams","args":[{"c1":[44.446,60],"c2":[46,58.446],"end":[46,56.536]}]}]},{"tag":"LineTo","args":[{"point":[46,36]}]},{"tag":"LineTo","args":[{"point":[14,36]}]}]}]]}]},"id":{"tag":"StringValue","args":["path1"]}},"children":[]}]},{"tag":"Text","args":["\n\t"]},{"tag":"Element","args":[{"tagName":"path","attributes":{"d":{"tag":"Value","args":[{"tag":"Paths","args":[[{"start":[46,34],"endings":{"tag":"Connected","args":[]},"cmds":[{"tag":"LineTo","args":[{"point":[46,7.464]}]},{"tag":"BezierCurveTo","args":[{"tag":"CParams","args":[{"c1":[46,5.554],"c2":[44.446,4],"end":[42.536,4]}]}]},{"tag":"LineTo","args":[{"point":[36,4]}]},{"tag":"LineTo","args":[{"point":[36,0]}]},{"tag":"LineTo","args":[{"point":[24,0]}]},{"tag":"LineTo","args":[{"point":[24,4]}]},{"tag":"LineTo","args":[{"point":[17.464,4]}]},{"tag":"BezierCurveTo","args":[{"tag":"CParams","args":[{"c1":[15.554,4],"c2":[14,5.554],"end":[14,7.464]}]}]},{"tag":"LineTo","args":[{"point":[14,34]}]},{"tag":"LineTo","args":[{"point":[46,34]}]}]},{"start":[16,7.464],"endings":{"tag":"Connected","args":[]},"cmds":[{"tag":"BezierCurveTo","args":[{"tag":"CParams","args":[{"c1":[16,6.656],"c2":[16.656,6],"end":[17.464,6]}]}]},{"tag":"LineTo","args":[{"point":[24,6]}]},{"tag":"LineTo","args":[{"point":[36,6]}]},{"tag":"LineTo","args":[{"point":[42.536,6]}]},{"tag":"BezierCurveTo","args":[{"tag":"CParams","args":[{"c1":[43.344,6],"c2":[44,6.656],"end":[44,7.464]}]}]},{"tag":"LineTo","args":[{"point":[44,32]}]},{"tag":"LineTo","args":[{"point":[16,32]}]},{"tag":"LineTo","args":[{"point":[16,7.464]}]}]}]]}]},"id":{"tag":"StringValue","args":["path2"]}},"children":[]}]},{"tag":"Text","args":["\n"]}]}]},{"tag":"Text","args":["\n\n\n\n\n\n\n\n\n\n\n\n\n\n\n\n"]}]}]},"palettes":{"index":0,"table":[[{"background":{"tag":"AutomaticColor","args":[]},"foreground":{"tag":"AutomaticColor","args":[]}},[]]]}},{"extras":{"name":"battery-3-4","codePoint":61450},"node":{"tag":"Element","args":[{"tagName":"svg","attributes":{"fill":{"tag":"Value","args":[{"tag":"Paint","args":[{"tag":"CurrentColor","args":[]}]}]},"id":{"tag":"StringValue","args":["Capa_1"]},"version":{"tag":"StringValue","args":["1.1"]},"viewBox":{"tag":"Value","args":[{"tag":"ViewBox","args":[{"minX":0,"minY":0,"width":60,"height":60}]}]},"xmlns":{"tag":"StringValue","args":["http://www.w3.org/2000/svg"]}},"children":[{"tag":"Text","args":["\n"]},{"tag":"Element","args":[{"tagName":"g","attributes":{"id":{"tag":"StringValue","args":["g2"]}},"children":[{"tag":"Text","args":["\n\t"]},{"tag":"Element","args":[{"tagName":"path","attributes":{"d":{"tag":"Value","args":[{"tag":"Paths","args":[[{"start":[14,23],"endings":{"tag":"Connected","args":[]},"cmds":[{"tag":"LineTo","args":[{"point":[14,56.536]}]},{"tag":"BezierCurveTo","args":[{"tag":"CParams","args":[{"c1":[14,58.446],"c2":[15.554,60],"end":[17.464,60]}]}]},{"tag":"LineTo","args":[{"point":[42.536,60]}]},{"tag":"BezierCurveTo","args":[{"tag":"CParams","args":[{"c1":[44.446,60],"c2":[46,58.446],"end":[46,56.536]}]}]},{"tag":"LineTo","args":[{"point":[46,23]}]},{"tag":"LineTo","args":[{"point":[14,23]}]}]}]]}]},"id":{"tag":"StringValue","args":["path1"]}},"children":[]}]},{"tag":"Text","args":["\n\t"]},{"tag":"Element","args":[{"tagName":"path","attributes":{"d":{"tag":"Value","args":[{"tag":"Paths","args":[[{"start":[46,21],"endings":{"tag":"Connected","args":[]},"cmds":[{"tag":"LineTo","args":[{"point":[46,7.464]}]},{"tag":"BezierCurveTo","args":[{"tag":"CParams","args":[{"c1":[46,5.554],"c2":[44.446,4],"end":[42.536,4]}]}]},{"tag":"LineTo","args":[{"point":[36,4]}]},{"tag":"LineTo","args":[{"point":[36,0]}]},{"tag":"LineTo","args":[{"point":[24,0]}]},{"tag":"LineTo","args":[{"point":[24,4]}]},{"tag":"LineTo","args":[{"point":[17.464,4]}]},{"tag":"BezierCurveTo","args":[{"tag":"CParams","args":[{"c1":[15.554,4],"c2":[14,5.554],"end":[14,7.464]}]}]},{"tag":"LineTo","args":[{"point":[14,21]}]},{"tag":"LineTo","args":[{"point":[46,21]}]}]},{"start":[16,7.464],"endings":{"tag":"Connected","args":[]},"cmds":[{"tag":"BezierCurveTo","args":[{"tag":"CParams","args":[{"c1":[16,6.656],"c2":[16.656,6],"end":[17.464,6]}]}]},{"tag":"LineTo","args":[{"point":[24,6]}]},{"tag":"LineTo","args":[{"point":[36,6]}]},{"tag":"LineTo","args":[{"point":[42.536,6]}]},{"tag":"BezierCurveTo","args":[{"tag":"CParams","args":[{"c1":[43.344,6],"c2":[44,6.656],"end":[44,7.464]}]}]},{"tag":"LineTo","args":[{"point":[44,19]}]},{"tag":"LineTo","args":[{"point":[16,19]}]},{"tag":"LineTo","args":[{"point":[16,7.464]}]}]}]]}]},"id":{"tag":"StringValue","args":["path2"]}},"children":[]}]},{"tag":"Text","args":["\n"]}]}]},{"tag":"Text","args":["\n\n\n\n\n\n\n\n\n\n\n\n\n\n\n\n"]}]}]},"palettes":{"index":0,"table":[[{"background":{"tag":"AutomaticColor","args":[]},"foreground":{"tag":"AutomaticColor","args":[]}},[]]]}},{"extras":{"name":"battery-4-4","codePoint":61449},"node":{"tag":"Element","args":[{"tagName":"svg","attributes":{"fill":{"tag":"Value","args":[{"tag":"Paint","args":[{"tag":"CurrentColor","args":[]}]}]},"id":{"tag":"StringValue","args":["Capa_1"]},"version":{"tag":"StringValue","args":["1.1"]},"viewBox":{"tag":"Value","args":[{"tag":"ViewBox","args":[{"minX":0,"minY":0,"width":60,"height":60}]}]},"xmlns":{"tag":"StringValue","args":["http://www.w3.org/2000/svg"]}},"children":[{"tag":"Text","args":["\n\n"]},{"tag":"Element","args":[{"tagName":"g","attributes":{"id":{"tag":"StringValue","args":["g1"]}},"children":[{"tag":"Text","args":["\n"]},{"tag":"Element","args":[{"tagName":"path","attributes":{"d":{"tag":"Value","args":[{"tag":"Paths","args":[[{"start":[42.536,4],"endings":{"tag":"Connected","args":[]},"cmds":[{"tag":"LineTo","args":[{"point":[36,4]}]},{"tag":"LineTo","args":[{"point":[36,0]}]},{"tag":"LineTo","args":[{"point":[24,0]}]},{"tag":"LineTo","args":[{"point":[24,4]}]},{"tag":"LineTo","args":[{"point":[17.464,4]}]},{"tag":"BezierCurveTo","args":[{"tag":"CParams","args":[{"c1":[15.554,4],"c2":[14,5.554],"end":[14,7.464]}]}]},{"tag":"LineTo","args":[{"point":[14,56.536]}]},{"tag":"BezierCurveTo","args":[{"tag":"CParams","args":[{"c1":[14,58.446],"c2":[15.554,60],"end":[17.464,60]}]}]},{"tag":"LineTo","args":[{"point":[42.535,60]}]},{"tag":"BezierCurveTo","args":[{"tag":"CParams","args":[{"c1":[44.446,60],"c2":[46,58.446],"end":[46,56.536]}]}]},{"tag":"LineTo","args":[{"point":[46,7.464]}]},{"tag":"BezierCurveTo","args":[{"tag":"CParams","args":[{"c1":[46,5.554],"c2":[44.446,4],"end":[42.536,4]}]}]}]}]]}]},"id":{"tag":"StringValue","args":["path1"]}},"children":[]}]}]}]},{"tag":"Text","args":["\n\n\n\n\n\n\n\n\n\n\n\n\n\n\n"]}]}]},"palettes":{"index":0,"table":[[{"background":{"tag":"AutomaticColor","args":[]},"foreground":{"tag":"AutomaticColor","args":[]}},[]]]}},{"extras":{"name":"burn","codePoint":61448},"node":{"tag":"Element","args":[{"tagName":"svg","attributes":{"id":{"tag":"StringValue","args":["Capa_1"]},"version":{"tag":"StringValue","args":["1.1"]},"viewBox":{"tag":"Value","args":[{"tag":"ViewBox","args":[{"minX":0,"minY":0,"width":314.873,"height":314.873}]}]},"xmlns":{"tag":"StringValue","args":["http://www.w3.org/2000/svg"]}},"children":[{"tag":"Text","args":["\n"]},{"tag":"Element","args":[{"tagName":"g","attributes":{"id":{"tag":"StringValue","args":["g2"]}},"children":[{"tag":"Text","args":["\n\t"]},{"tag":"Element","args":[{"tagName":"g","attributes":{"id":{"tag":"StringValue","args":["g1"]}},"children":[{"tag":"Text","args":["\n\t\t"]},{"tag":"Element","args":[{"tagName":"path","attributes":{"d":{"tag":"Value","args":[{"tag":"Paths","args":[[{"start":[89.047,287.106],"endings":{"tag":"Connected","args":[]},"cmds":[{"tag":"BezierCurveTo","args":[{"tag":"CParams","args":[{"c1":[89.05199999999999,287.09],"c2":[89.05799999999999,287.079],"end":[89.063,287.062]}]}]},{"tag":"BezierCurveTo","args":[{"tag":"CParams","args":[{"c1":[91.668,289.172],"c2":[94.372,291.16900000000004],"end":[97.22200000000001,292.98]}]}]},{"tag":"BezierCurveTo","args":[{"tag":"CParams","args":[{"c1":[94.59,289.22700000000003],"c2":[92.67500000000001,284.963],"end":[91.614,280.19300000000004]}]}]},{"tag":"BezierCurveTo","args":[{"tag":"CParams","args":[{"c1":[91.38600000000001,279.18100000000004],"c2":[91.114,278.19700000000006],"end":[90.97200000000001,277.136]}]}]},{"tag":"BezierCurveTo","args":[{"tag":"CParams","args":[{"c1":[90.62400000000001,274.596],"c2":[85.70700000000001,248.211],"end":[93.22900000000001,222.06500000000003]}]}]},{"tag":"BezierCurveTo","args":[{"tag":"CParams","args":[{"c1":[96.802,209.64800000000002],"c2":[103.15,197.27900000000002],"end":[114.18,187.54900000000004]}]}]},{"tag":"BezierCurveTo","args":[{"tag":"CParams","args":[{"c1":[114.18,187.54900000000004],"c2":[113.712,233.76500000000004],"end":[144.062,262.78200000000004]}]}]},{"tag":"BezierCurveTo","args":[{"tag":"CParams","args":[{"c1":[144.062,262.78200000000004],"c2":[143.061,246.57900000000004],"end":[159.74800000000002,215.03200000000004]}]}]},{"tag":"BezierCurveTo","args":[{"tag":"CParams","args":[{"c1":[177.52300000000002,181.42400000000004],"c2":[164.27300000000002,136.56300000000005],"end":[164.27300000000002,136.56300000000005]}]}]},{"tag":"BezierCurveTo","args":[{"tag":"CParams","args":[{"c1":[164.27300000000002,136.56300000000005],"c2":[191.87600000000003,162.35500000000005],"end":[206.08300000000003,200.89100000000005]}]}]},{"tag":"BezierCurveTo","args":[{"tag":"CParams","args":[{"c1":[213.366,191.70400000000004],"c2":[218.73400000000004,187.14100000000005],"end":[217.93500000000003,189.20800000000006]}]}]},{"tag":"BezierCurveTo","args":[{"tag":"CParams","args":[{"c1":[212.87100000000004,202.32200000000006],"c2":[215.49300000000002,212.07400000000007],"end":[219.69700000000003,221.73900000000006]}]}]},{"tag":"BezierCurveTo","args":[{"tag":"CParams","args":[{"c1":[224.55400000000003,232.89500000000007],"c2":[231.52700000000004,243.93600000000006],"end":[231.35300000000004,259.88900000000007]}]}]},{"tag":"BezierCurveTo","args":[{"tag":"CParams","args":[{"c1":[231.26600000000005,267.9770000000001],"c2":[227.35000000000002,276.3640000000001],"end":[221.78000000000003,284.3160000000001]}]}]},{"tag":"BezierCurveTo","args":[{"tag":"CParams","args":[{"c1":[220.11600000000004,286.6930000000001],"c2":[218.31500000000003,289.0210000000001],"end":[216.40100000000004,291.2940000000001]}]}]},{"tag":"BezierCurveTo","args":[{"tag":"CParams","args":[{"c1":[218.64200000000005,289.9670000000001],"c2":[220.77900000000005,288.5580000000001],"end":[222.80300000000003,287.0570000000001]}]}]},{"tag":"BezierCurveTo","args":[{"tag":"CParams","args":[{"c1":[222.80800000000002,287.0730000000001],"c2":[222.81400000000002,287.08400000000006],"end":[222.81900000000002,287.10100000000006]}]}]},{"tag":"BezierCurveTo","args":[{"tag":"CParams","args":[{"c1":[222.81900000000002,287.10100000000006],"c2":[274.218,253.02000000000004],"end":[274.54400000000004,223.24100000000004]}]}]},{"tag":"BezierCurveTo","args":[{"tag":"CParams","args":[{"c1":[274.87000000000006,193.46200000000005],"c2":[250.22100000000003,180.81100000000004],"end":[261.12600000000003,152.56000000000006]}]}]},{"tag":"BezierCurveTo","args":[{"tag":"CParams","args":[{"c1":[262.13800000000003,149.94400000000005],"c2":[253.26700000000002,157.94500000000005],"end":[243.10600000000002,172.56500000000005]}]}]},{"tag":"BezierCurveTo","args":[{"tag":"CParams","args":[{"c1":[218.942,66.933],"c2":[114.708,0],"end":[114.708,0]}]}]},{"tag":"BezierCurveTo","args":[{"tag":"CParams","args":[{"c1":[114.708,0],"c2":[162.235,54.603],"end":[144.65,108.923]}]}]},{"tag":"BezierCurveTo","args":[{"tag":"CParams","args":[{"c1":[127.071,163.243],"c2":[137.802,195.888],"end":[137.802,195.888]}]}]},{"tag":"BezierCurveTo","args":[{"tag":"CParams","args":[{"c1":[107.25099999999999,154.127],"c2":[122.93199999999999,86.48100000000001],"end":[122.93199999999999,86.48100000000001]}]}]},{"tag":"BezierCurveTo","args":[{"tag":"CParams","args":[{"c1":[94.18699999999998,111.83800000000001],"c2":[78.30999999999999,143.243],"end":[69.71099999999998,169.775]}]}]},{"tag":"BezierCurveTo","args":[{"tag":"CParams","args":[{"c1":[61.024999999999984,156.928],"c2":[53.817999999999984,150.118],"end":[54.758999999999986,152.566]}]}]},{"tag":"BezierCurveTo","args":[{"tag":"CParams","args":[{"c1":[65.66399999999999,180.817],"c2":[41.01399999999999,193.46800000000002],"end":[41.34099999999999,223.247]}]}]},{"tag":"BezierCurveTo","args":[{"tag":"CParams","args":[{"c1":[41.672,253.02],"c2":[89.047,287.106],"end":[89.047,287.106]}]}]}]}]]}]},"fill":{"tag":"Value","args":[{"tag":"ColorReference","args":[0]}]},"id":{"tag":"StringValue","args":["path1"]}},"children":[]}]},{"tag":"Text","args":["\n\t\t"]},{"tag":"Element","args":[{"tagName":"polygon","attributes":{"fill":{"tag":"Value","args":[{"tag":"ColorReference","args":[0]}]},"id":{"tag":"StringValue","args":["polygon1"]},"points":{"tag":"Value","args":[{"tag":"Points","args":[[[176.496,314.873],[191.644,314.873],[272.392,314.873],[272.392,303.304],[205.024,303.304],[190.92,303.304],[185.993,303.304],[173.766,303.304],[119.413,303.304],[107.741,303.304],[40.324,303.304],[40.324,314.873],[148.991,314.873]]]}]}},"children":[]}]},{"tag":"Text","args":["\n\t"]}]}]},{"tag":"Text","args":["\n"]}]}]},{"tag":"Text","args":["\n\n\n\n\n\n\n\n\n\n\n\n\n\n\n\n"]}]}]},"palettes":{"index":0,"table":[[{"background":{"tag":"AutomaticColor","args":[]},"foreground":{"tag":"AutomaticColor","args":[]}},[{"tag":"Color","args":[{"r":0.00392156862745098,"g":0,"b":0.00784313725490196,"a":1}]}]]]}},{"extras":{"name":"email","codePoint":61447},"node":{"tag":"Element","args":[{"tagName":"svg","attributes":{"fill":{"tag":"Value","args":[{"tag":"Paint","args":[{"tag":"CurrentColor","args":[]}]}]},"height":{"tag":"Value","args":[{"tag":"Length","args":[{"tag":"Px","args":[479.916]}]}]},"id":{"tag":"StringValue","args":["Capa_1"]},"version":{"tag":"StringValue","args":["1.1"]},"viewBox":{"tag":"Value","args":[{"tag":"ViewBox","args":[{"minX":0,"minY":0,"width":479.916,"height":479.916}]}]},"width":{"tag":"Value","args":[{"tag":"Length","args":[{"tag":"Px","args":[479.916]}]}]},"xmlns":{"tag":"StringValue","args":["http://www.w3.org/2000/svg"]}},"children":[{"tag":"Text","args":["\n"]},{"tag":"Element","args":[{"tagName":"g","attributes":{"id":{"tag":"StringValue","args":["g1"]}},"children":[{"tag":"Text","args":["\n\t"]},{"tag":"Element","args":[{"tagName":"path","attributes":{"d":{"tag":"Value","args":[{"tag":"Paths","args":[[{"start":[12.5,408.458],"endings":{"tag":"Connected","args":[]},"cmds":[{"tag":"LineTo","args":[{"point":[467.416,408.458]}]},{"tag":"BezierCurveTo","args":[{"tag":"CParams","args":[{"c1":[474.319,408.458],"c2":[479.916,402.862],"end":[479.916,395.958]}]}]},{"tag":"LineTo","args":[{"point":[479.916,144.772]}]},{"tag":"LineTo","args":[{"point":[479.916,136.917]}]},{"tag":"LineTo","args":[{"point":[479.916,83.958]}]},{"tag":"BezierCurveTo","args":[{"tag":"CParams","args":[{"c1":[479.916,77.054],"c2":[474.319,71.458],"end":[467.416,71.458]}]}]},{"tag":"LineTo","args":[{"point":[12.5,71.458]}]},{"tag":"BezierCurveTo","args":[{"tag":"CParams","args":[{"c1":[5.597,71.458],"c2":[0,77.054],"end":[0,83.958]}]}]},{"tag":"LineTo","args":[{"point":[0,136.917]}]},{"tag":"LineTo","args":[{"point":[0,144.772]}]},{"tag":"LineTo","args":[{"point":[0,395.95799999999997]}]},{"tag":"BezierCurveTo","args":[{"tag":"CParams","args":[{"c1":[0,402.862],"c2":[5.597,408.458],"end":[12.5,408.458]}]}]}]},{"start":[454.916,383.458],"endings":{"tag":"Connected","args":[]},"cmds":[{"tag":"LineTo","args":[{"point":[25,383.458]}]},{"tag":"LineTo","args":[{"point":[25,157.062]}]},{"tag":"LineTo","args":[{"point":[234.408,260.83500000000004]}]},{"tag":"BezierCurveTo","args":[{"tag":"CParams","args":[{"c1":[237.904,262.56700000000006],"c2":[242.012,262.56700000000006],"end":[245.50799999999998,260.83500000000004]}]}]},{"tag":"LineTo","args":[{"point":[454.91599999999994,157.06200000000004]}]},{"tag":"LineTo","args":[{"point":[454.916,383.458]}]}]},{"start":[454.916,96.458],"endings":{"tag":"Connected","args":[]},"cmds":[{"tag":"LineTo","args":[{"point":[454.916,129.161]}]},{"tag":"LineTo","args":[{"point":[239.958,235.684]}]},{"tag":"LineTo","args":[{"point":[25,129.161]}]},{"tag":"LineTo","args":[{"point":[25,96.458]}]},{"tag":"LineTo","args":[{"point":[454.916,96.458]}]}]}]]}]},"id":{"tag":"StringValue","args":["path1"]}},"children":[]}]},{"tag":"Text","args":["\n"]}]}]},{"tag":"Text","args":["\n\n\n\n\n\n\n\n\n\n\n\n\n\n\n\n"]}]}]},"palettes":{"index":0,"table":[[{"background":{"tag":"AutomaticColor","args":[]},"foreground":{"tag":"AutomaticColor","args":[]}},[]]]}},{"extras":{"name":"foot","codePoint":61446},"node":{"tag":"Element","args":[{"tagName":"svg","attributes":{"fill":{"tag":"Value","args":[{"tag":"Paint","args":[{"tag":"CurrentColor","args":[]}]}]},"height":{"tag":"Value","args":[{"tag":"Length","args":[{"tag":"Px","args":[515.458]}]}]},"id":{"tag":"StringValue","args":["Capa_1"]},"version":{"tag":"StringValue","args":["1.1"]},"viewBox":{"tag":"Value","args":[{"tag":"ViewBox","args":[{"minX":0,"minY":0,"width":515.458,"height":515.458}]}]},"width":{"tag":"Value","args":[{"tag":"Length","args":[{"tag":"Px","args":[515.458]}]}]},"xmlns":{"tag":"StringValue","args":["http://www.w3.org/2000/svg"]}},"children":[{"tag":"Text","args":["\n"]},{"tag":"Element","args":[{"tagName":"g","attributes":{"id":{"tag":"StringValue","args":["g1"]}},"children":[{"tag":"Text","args":["\n\t"]},{"tag":"Element","args":[{"tagName":"path","attributes":{"d":{"tag":"Value","args":[{"tag":"Paths","args":[[{"start":[298.794,386.711],"endings":{"tag":"Connected","args":[]},"cmds":[{"tag":"BezierCurveTo","args":[{"tag":"CParams","args":[{"c1":[326.599,396.233],"c2":[351.15099999999995,402.298],"end":[386.42699999999996,413.13800000000003]}]}]},{"tag":"BezierCurveTo","args":[{"tag":"CParams","args":[{"c1":[372.875,584.374],"c2":[210.952,516.371],"end":[298.794,386.711]}]}]}]},{"start":[443.366,229.409],"endings":{"tag":"Connected","args":[]},"cmds":[{"tag":"BezierCurveTo","args":[{"tag":"CParams","args":[{"c1":[441.53999999999996,177.994],"c2":[432.484,110.54899999999999],"end":[360.349,121.11699999999999]}]}]},{"tag":"BezierCurveTo","args":[{"tag":"CParams","args":[{"c1":[326.534,129.94199999999998],"c2":[301.549,167.079],"end":[289.798,231.152]}]}]},{"tag":"BezierCurveTo","args":[{"tag":"CParams","args":[{"c1":[283.344,266.381],"c2":[287.097,315.83],"end":[294.71,345.472]}]}]},{"tag":"BezierCurveTo","args":[{"tag":"CParams","args":[{"c1":[301.661,366.361],"c2":[299.29699999999997,365.077],"end":[306.768,369.044]}]}]},{"tag":"BezierCurveTo","args":[{"tag":"CParams","args":[{"c1":[335.68399999999997,375.558],"c2":[364.30999999999995,382.769],"end":[393.46099999999996,390.12199999999996]}]}]},{"tag":"BezierCurveTo","args":[{"tag":"CParams","args":[{"c1":[423.075,369.209],"c2":[447.397,258.182],"end":[443.366,229.409]}]}]}]},{"start":[220.752,225.463],"endings":{"tag":"Connected","args":[]},"cmds":[{"tag":"BezierCurveTo","args":[{"tag":"CParams","args":[{"c1":[228.359,195.817],"c2":[232.11200000000002,146.368],"end":[225.661,111.143]}]}]},{"tag":"BezierCurveTo","args":[{"tag":"CParams","args":[{"c1":[213.919,47.067],"c2":[188.931,9.924],"end":[155.11,1.105]}]}]},{"tag":"BezierCurveTo","args":[{"tag":"CParams","args":[{"c1":[82.975,-9.463],"c2":[73.919,57.981],"end":[72.093,109.399]}]}]},{"tag":"BezierCurveTo","args":[{"tag":"CParams","args":[{"c1":[68.062,138.167],"c2":[92.387,249.201],"end":[122.004,270.11]}]}]},{"tag":"BezierCurveTo","args":[{"tag":"CParams","args":[{"c1":[151.15300000000002,262.757],"c2":[179.775,255.55200000000002],"end":[208.7,249.032]}]}]},{"tag":"BezierCurveTo","args":[{"tag":"CParams","args":[{"c1":[216.162,245.069],"c2":[213.798,246.352],"end":[220.752,225.463]}]}]}]},{"start":[129.029,293.132],"endings":{"tag":"Connected","args":[]},"cmds":[{"tag":"BezierCurveTo","args":[{"tag":"CParams","args":[{"c1":[142.576,464.366],"c2":[304.499,396.363],"end":[216.659,266.705]}]}]},{"tag":"BezierCurveTo","args":[{"tag":"CParams","args":[{"c1":[188.854,276.228],"c2":[164.304,282.292],"end":[129.029,293.132]}]}]}]}]]}]},"id":{"tag":"StringValue","args":["path1"]}},"children":[]}]},{"tag":"Text","args":["\n"]}]}]},{"tag":"Text","args":["\n\n\n\n\n\n\n\n\n\n\n\n\n\n\n\n"]}]}]},"palettes":{"index":0,"table":[[{"background":{"tag":"AutomaticColor","args":[]},"foreground":{"tag":"AutomaticColor","args":[]}},[]]]}},{"extras":{"name":"search","codePoint":61445},"node":{"tag":"Element","args":[{"tagName":"svg","attributes":{"fill":{"tag":"Value","args":[{"tag":"Paint","args":[{"tag":"CurrentColor","args":[]}]}]},"height":{"tag":"Value","args":[{"tag":"Length","args":[{"tag":"Px","args":[1024]}]}]},"viewBox":{"tag":"Value","args":[{"tag":"ViewBox","args":[{"minX":0,"minY":0,"width":973.125,"height":1024}]}]},"width":{"tag":"Value","args":[{"tag":"Length","args":[{"tag":"Px","args":[973.125]}]}]},"xmlns":{"tag":"StringValue","args":["http://www.w3.org/2000/svg"]}},"children":[{"tag":"Element","args":[{"tagName":"path","attributes":{"d":{"tag":"Value","args":[{"tag":"Paths","args":[[{"start":[960,832],"endings":{"tag":"Connected","args":[]},"cmds":[{"tag":"LineTo","args":[{"point":[710.875,582.875]}]},{"tag":"BezierCurveTo","args":[{"tag":"CParams","args":[{"c1":[746.438,524.812],"c2":[768,457.156],"end":[768,384]}]}]},{"tag":"BezierCurveTo","args":[{"tag":"CParams","args":[{"c1":[768,171.96900000000005],"c2":[596,0],"end":[384,0]}]}]},{"tag":"BezierCurveTo","args":[{"tag":"CParams","args":[{"c1":[171.969,0],"c2":[0,171.96900000000005],"end":[0,384]}]}]},{"tag":"BezierCurveTo","args":[{"tag":"CParams","args":[{"c1":[0,596],"c2":[171.969,768],"end":[384,768]}]}]},{"tag":"BezierCurveTo","args":[{"tag":"CParams","args":[{"c1":[457.156,768],"c2":[524.812,746.438],"end":[582.875,711]}]}]},{"tag":"LineTo","args":[{"point":[832,960]}]},{"tag":"BezierCurveTo","args":[{"tag":"CParams","args":[{"c1":[849.5,977.5],"c2":[878.5,977.375],"end":[896,960]}]}]},{"tag":"LineTo","args":[{"point":[960,896]}]},{"tag":"BezierCurveTo","args":[{"tag":"CParams","args":[{"c1":[977.5,878.5],"c2":[977.5,849.5],"end":[960,832]}]}]}]},{"start":[384,640],"endings":{"tag":"Connected","args":[]},"cmds":[{"tag":"BezierCurveTo","args":[{"tag":"CParams","args":[{"c1":[242.625,640],"c2":[128,525.375],"end":[128,384]}]}]},{"tag":"BezierCurveTo","args":[{"tag":"CParams","args":[{"c1":[128,242.625],"c2":[242.625,128],"end":[384,128]}]}]},{"tag":"BezierCurveTo","args":[{"tag":"CParams","args":[{"c1":[525.375,128],"c2":[640,242.625],"end":[640,384]}]}]},{"tag":"BezierCurveTo","args":[{"tag":"CParams","args":[{"c1":[640,525.375],"c2":[525.375,640],"end":[384,640]}]}]}]}]]}]}},"children":[]}]}]}]},"palettes":{"index":0,"table":[[{"background":{"tag":"AutomaticColor","args":[]},"foreground":{"tag":"AutomaticColor","args":[]}},[]]]}},{"extras":{"name":"wait-1","codePoint":61444},"node":{"tag":"Element","args":[{"tagName":"svg","attributes":{"fill":{"tag":"Value","args":[{"tag":"Paint","args":[{"tag":"CurrentColor","args":[]}]}]},"id":{"tag":"StringValue","args":["Layer_1"]},"version":{"tag":"StringValue","args":["1.1"]},"viewBox":{"tag":"Value","args":[{"tag":"ViewBox","args":[{"minX":0,"minY":0,"width":512,"height":512}]}]},"xmlns":{"tag":"StringValue","args":["http://www.w3.org/2000/svg"]}},"children":[{"tag":"Text","args":["\n"]},{"tag":"Element","args":[{"tagName":"g","attributes":{"id":{"tag":"StringValue","args":["g10"]}},"children":[{"tag":"Text","args":["\n\t\n"]},{"tag":"Element","args":[{"tagName":"path","attributes":{"d":{"tag":"Value","args":[{"tag":"Paths","args":[[{"start":[136,0],"endings":{"tag":"Connected","args":[]},"cmds":[{"tag":"LineTo","args":[{"point":[136,48]}]},{"tag":"LineTo","args":[{"point":[152,48]}]},{"tag":"LineTo","args":[{"point":[152,136]}]},{"tag":"BezierCurveTo","args":[{"tag":"CParams","args":[{"c1":[152,193.345],"c2":[198.654,240],"end":[256,240]}]}]},{"tag":"BezierCurveTo","args":[{"tag":"CParams","args":[{"c1":[313.346,240],"c2":[360,193.346],"end":[360,136]}]}]},{"tag":"LineTo","args":[{"point":[360,48]}]},{"tag":"LineTo","args":[{"point":[376,48]}]},{"tag":"LineTo","args":[{"point":[376,0]}]},{"tag":"LineTo","args":[{"point":[136,0]}]}]},{"start":[344.001,136],"endings":{"tag":"Connected","args":[]},"cmds":[{"tag":"BezierCurveTo","args":[{"tag":"CParams","args":[{"c1":[344.001,184.524],"c2":[304.525,224],"end":[256.001,224]}]}]},{"tag":"BezierCurveTo","args":[{"tag":"CParams","args":[{"c1":[207.47699999999998,224],"c2":[168.00099999999998,184.524],"end":[168.00099999999998,136]}]}]},{"tag":"LineTo","args":[{"point":[168.00099999999998,48]}]},{"tag":"LineTo","args":[{"point":[344.001,48]}]},{"tag":"LineTo","args":[{"point":[344.001,136]}]}]},{"start":[360,32],"endings":{"tag":"Connected","args":[]},"cmds":[{"tag":"LineTo","args":[{"point":[152,32]}]},{"tag":"LineTo","args":[{"point":[152,16]}]},{"tag":"LineTo","args":[{"point":[360,16]}]},{"tag":"LineTo","args":[{"point":[360,32]}]}]}]]}]},"id":{"tag":"StringValue","args":["path1"]}},"children":[]}]},{"tag":"Element","args":[{"tagName":"path","attributes":{"d":{"tag":"Value","args":[{"tag":"Paths","args":[[{"start":[360,376],"endings":{"tag":"Connected","args":[]},"cmds":[{"tag":"BezierCurveTo","args":[{"tag":"CParams","args":[{"c1":[360,318.655],"c2":[313.345,272],"end":[256,272]}]}]},{"tag":"BezierCurveTo","args":[{"tag":"CParams","args":[{"c1":[198.65499999999997,272],"c2":[152,318.654],"end":[152,376]}]}]},{"tag":"LineTo","args":[{"point":[152,464]}]},{"tag":"LineTo","args":[{"point":[136,464]}]},{"tag":"LineTo","args":[{"point":[136,512]}]},{"tag":"LineTo","args":[{"point":[376,512]}]},{"tag":"LineTo","args":[{"point":[376,464]}]},{"tag":"LineTo","args":[{"point":[360,464]}]},{"tag":"LineTo","args":[{"point":[360,376]}]}]},{"start":[168,376],"endings":{"tag":"Connected","args":[]},"cmds":[{"tag":"BezierCurveTo","args":[{"tag":"CParams","args":[{"c1":[168,327.476],"c2":[207.476,288],"end":[256,288]}]}]},{"tag":"BezierCurveTo","args":[{"tag":"CParams","args":[{"c1":[304.524,288],"c2":[344,327.476],"end":[344,376]}]}]},{"tag":"LineTo","args":[{"point":[344,464]}]},{"tag":"LineTo","args":[{"point":[168,464]}]},{"tag":"LineTo","args":[{"point":[168,376]}]}]},{"start":[360,496],"endings":{"tag":"Connected","args":[]},"cmds":[{"tag":"LineTo","args":[{"point":[152,496]}]},{"tag":"LineTo","args":[{"point":[152,480]}]},{"tag":"LineTo","args":[{"point":[360,480]}]},{"tag":"LineTo","args":[{"point":[360,496]}]}]}]]}]},"id":{"tag":"StringValue","args":["path2"]}},"children":[]}]},{"tag":"Element","args":[{"tagName":"rect","attributes":{"height":{"tag":"Value","args":[{"tag":"Length","args":[{"tag":"Px","args":[16]}]}]},"id":{"tag":"StringValue","args":["rect2"]},"width":{"tag":"Value","args":[{"tag":"Length","args":[{"tag":"Px","args":[47.999]}]}]},"x":{"tag":"Value","args":[{"tag":"Length","args":[{"tag":"Px","args":[232.005]}]}]},"y":{"tag":"Value","args":[{"tag":"Length","args":[{"tag":"Px","args":[247.998]}]}]}},"children":[]}]},{"tag":"Element","args":[{"tagName":"rect","attributes":{"height":{"tag":"Value","args":[{"tag":"Length","args":[{"tag":"Px","args":[22.627]}]}]},"id":{"tag":"StringValue","args":["rect3"]},"transform":{"tag":"Value","args":[{"tag":"Transform","args":[{"a":0.7071,"b":0.7071,"c":-0.7071,"d":0.7071,"e":132.3194,"f":-127.4464}]}]},"width":{"tag":"Value","args":[{"tag":"Length","args":[{"tag":"Px","args":[15.608]}]}]},"x":{"tag":"Value","args":[{"tag":"Length","args":[{"tag":"Px","args":[212.197]}]}]},"y":{"tag":"Value","args":[{"tag":"Length","args":[{"tag":"Px","args":[84.686]}]}]}},"children":[]}]},{"tag":"Element","args":[{"tagName":"rect","attributes":{"height":{"tag":"Value","args":[{"tag":"Length","args":[{"tag":"Px","args":[124.445]}]}]},"id":{"tag":"StringValue","args":["rect4"]},"transform":{"tag":"Value","args":[{"tag":"Transform","args":[{"a":0.7071,"b":0.7071,"c":-0.7071,"d":0.7071,"e":157.0043,"f":-147.0346}]}]},"width":{"tag":"Value","args":[{"tag":"Length","args":[{"tag":"Px","args":[15.608]}]}]},"x":{"tag":"Value","args":[{"tag":"Length","args":[{"tag":"Px","args":[248.185]}]}]},"y":{"tag":"Value","args":[{"tag":"Length","args":[{"tag":"Px","args":[53.781]}]}]}},"children":[]}]},{"tag":"Element","args":[{"tagName":"rect","attributes":{"height":{"tag":"Value","args":[{"tag":"Length","args":[{"tag":"Px","args":[45.254]}]}]},"id":{"tag":"StringValue","args":["rect5"]},"transform":{"tag":"Value","args":[{"tag":"Transform","args":[{"a":-0.7071,"b":-0.7071,"c":0.7071,"d":-0.7071,"e":363.6992,"f":454.6508}]}]},"width":{"tag":"Value","args":[{"tag":"Length","args":[{"tag":"Px","args":[15.608]}]}]},"x":{"tag":"Value","args":[{"tag":"Length","args":[{"tag":"Px","args":[268.207]}]}]},"y":{"tag":"Value","args":[{"tag":"Length","args":[{"tag":"Px","args":[129.374]}]}]}},"children":[]}]},{"tag":"Element","args":[{"tagName":"rect","attributes":{"height":{"tag":"Value","args":[{"tag":"Length","args":[{"tag":"Px","args":[22.627]}]}]},"id":{"tag":"StringValue","args":["rect6"]},"transform":{"tag":"Value","args":[{"tag":"Transform","args":[{"a":0.7071,"b":0.7071,"c":-0.7071,"d":0.7071,"e":318.9908,"f":-50.1195}]}]},"width":{"tag":"Value","args":[{"tag":"Length","args":[{"tag":"Px","args":[15.608]}]}]},"x":{"tag":"Value","args":[{"tag":"Length","args":[{"tag":"Px","args":[212.191]}]}]},"y":{"tag":"Value","args":[{"tag":"Length","args":[{"tag":"Px","args":[348.683]}]}]}},"children":[]}]},{"tag":"Element","args":[{"tagName":"rect","attributes":{"height":{"tag":"Value","args":[{"tag":"Length","args":[{"tag":"Px","args":[124.445]}]}]},"id":{"tag":"StringValue","args":["rect7"]},"transform":{"tag":"Value","args":[{"tag":"Transform","args":[{"a":-0.7071,"b":-0.7071,"c":0.7071,"d":-0.7071,"e":168.3047,"f":829.7299}]}]},"width":{"tag":"Value","args":[{"tag":"Length","args":[{"tag":"Px","args":[15.608]}]}]},"x":{"tag":"Value","args":[{"tag":"Length","args":[{"tag":"Px","args":[248.191]}]}]},"y":{"tag":"Value","args":[{"tag":"Length","args":[{"tag":"Px","args":[317.785]}]}]}},"children":[]}]},{"tag":"Element","args":[{"tagName":"rect","attributes":{"height":{"tag":"Value","args":[{"tag":"Length","args":[{"tag":"Px","args":[45.254]}]}]},"id":{"tag":"StringValue","args":["rect8"]},"transform":{"tag":"Value","args":[{"tag":"Transform","args":[{"a":-0.7071,"b":-0.7071,"c":0.7071,"d":-0.7071,"e":177.0106,"f":905.3336}]}]},"width":{"tag":"Value","args":[{"tag":"Length","args":[{"tag":"Px","args":[15.608]}]}]},"x":{"tag":"Value","args":[{"tag":"Length","args":[{"tag":"Px","args":[268.202]}]}]},"y":{"tag":"Value","args":[{"tag":"Length","args":[{"tag":"Px","args":[393.38]}]}]}},"children":[]}]}]}]},{"tag":"Text","args":["\n\n\n\n\n\n\n\n\n\n\n\n\n\n\n\n"]}]}]},"palettes":{"index":0,"table":[[{"background":{"tag":"AutomaticColor","args":[]},"foreground":{"tag":"AutomaticColor","args":[]}},[]]]}},{"extras":{"name":"wait","codePoint":61443},"node":{"tag":"Element","args":[{"tagName":"svg","attributes":{"fill":{"tag":"Value","args":[{"tag":"Paint","args":[{"tag":"CurrentColor","args":[]}]}]},"id":{"tag":"StringValue","args":["Layer_1"]},"version":{"tag":"StringValue","args":["1.1"]},"viewBox":{"tag":"Value","args":[{"tag":"ViewBox","args":[{"minX":0,"minY":0,"width":512,"height":512}]}]},"xmlns":{"tag":"StringValue","args":["http://www.w3.org/2000/svg"]}},"children":[{"tag":"Text","args":["\n"]},{"tag":"Element","args":[{"tagName":"g","attributes":{"id":{"tag":"StringValue","args":["g2"]}},"children":[{"tag":"Text","args":["\n\t\n"]},{"tag":"Element","args":[{"tagName":"path","attributes":{"d":{"tag":"Value","args":[{"tag":"Paths","args":[[{"start":[387.092,122.37],"endings":{"tag":"Connected","args":[]},"cmds":[{"tag":"LineTo","args":[{"point":[387.092,80.296]}]},{"tag":"LineTo","args":[{"point":[397.12199999999996,80.296]}]},{"tag":"BezierCurveTo","args":[{"tag":"CParams","args":[{"c1":[413.16099999999994,80.296],"c2":[426.21099999999996,67.24700000000001],"end":[426.21099999999996,51.20700000000001]}]}]},{"tag":"LineTo","args":[{"point":[426.21099999999996,29.089]}]},{"tag":"BezierCurveTo","args":[{"tag":"CParams","args":[{"c1":[426.21,13.049],"c2":[413.161,0],"end":[397.122,0]}]}]},{"tag":"LineTo","args":[{"point":[114.881,0]}]},{"tag":"BezierCurveTo","args":[{"tag":"CParams","args":[{"c1":[98.841,0],"c2":[85.792,13.049],"end":[85.792,29.089]}]}]},{"tag":"LineTo","args":[{"point":[85.792,51.208]}]},{"tag":"BezierCurveTo","args":[{"tag":"CParams","args":[{"c1":[85.792,67.247],"c2":[98.84100000000001,80.297],"end":[114.881,80.297]}]}]},{"tag":"LineTo","args":[{"point":[124.911,80.297]}]},{"tag":"LineTo","args":[{"point":[124.911,122.14599999999999]}]},{"tag":"BezierCurveTo","args":[{"tag":"CParams","args":[{"c1":[124.91,122.22199999999998],"c2":[124.899,122.29499999999999],"end":[124.899,122.37099999999998]}]}]},{"tag":"BezierCurveTo","args":[{"tag":"CParams","args":[{"c1":[124.899,158.64299999999997],"c2":[139.383,192.38299999999998],"end":[165.62,217.313]}]}]},{"tag":"BezierCurveTo","args":[{"tag":"CParams","args":[{"c1":[167.037,218.67999999999998],"c2":[168.511,220.023],"end":[170.123,221.415]}]}]},{"tag":"BezierCurveTo","args":[{"tag":"CParams","args":[{"c1":[171.731,222.80499999999998],"c2":[173.238,224.054],"end":[174.671,225.184]}]}]},{"tag":"BezierCurveTo","args":[{"tag":"CParams","args":[{"c1":[175.39499999999998,225.762],"c2":[176.131,226.339],"end":[176.879,226.896]}]}]},{"tag":"BezierCurveTo","args":[{"tag":"CParams","args":[{"c1":[177.6,227.451],"c2":[178.332,227.992],"end":[179.075,228.523]}]}]},{"tag":"BezierCurveTo","args":[{"tag":"CParams","args":[{"c1":[179.839,229.087],"c2":[180.61399999999998,229.639],"end":[181.331,230.128]}]}]},{"tag":"BezierCurveTo","args":[{"tag":"CParams","args":[{"c1":[182.081,230.64999999999998],"c2":[182.84599999999998,231.172],"end":[183.60899999999998,231.67999999999998]}]}]},{"tag":"BezierCurveTo","args":[{"tag":"CParams","args":[{"c1":[183.64199999999997,231.70299999999997],"c2":[183.67499999999998,231.724],"end":[183.70799999999997,231.74599999999998]}]}]},{"tag":"LineTo","args":[{"point":[184.15599999999998,232.03799999999998]}]},{"tag":"BezierCurveTo","args":[{"tag":"CParams","args":[{"c1":[184.71599999999998,232.403],"c2":[185.283,232.772],"end":[185.90599999999998,233.17]}]}]},{"tag":"BezierCurveTo","args":[{"tag":"CParams","args":[{"c1":[185.91199999999998,233.17399999999998],"c2":[185.91499999999996,233.177],"end":[185.92099999999996,233.17999999999998]}]}]},{"tag":"BezierCurveTo","args":[{"tag":"CParams","args":[{"c1":[185.92899999999997,233.18599999999998],"c2":[185.93799999999996,233.18999999999997],"end":[185.94799999999995,233.19599999999997]}]}]},{"tag":"BezierCurveTo","args":[{"tag":"CParams","args":[{"c1":[185.95299999999995,233.19799999999998],"c2":[185.95599999999996,233.20099999999996],"end":[185.96099999999996,233.20399999999998]}]}]},{"tag":"BezierCurveTo","args":[{"tag":"CParams","args":[{"c1":[185.99199999999996,233.224],"c2":[186.02499999999995,233.24099999999999],"end":[186.05599999999995,233.26099999999997]}]}]},{"tag":"BezierCurveTo","args":[{"tag":"CParams","args":[{"c1":[196.84399999999997,240.11799999999997],"c2":[208.47299999999996,245.26999999999998],"end":[220.71599999999995,248.69199999999998]}]}]},{"tag":"LineTo","args":[{"point":[220.71599999999995,263.393]}]},{"tag":"BezierCurveTo","args":[{"tag":"CParams","args":[{"c1":[164.66299999999995,279.015],"c2":[124.90199999999996,330.633],"end":[124.90199999999996,389.64599999999996]}]}]},{"tag":"BezierCurveTo","args":[{"tag":"CParams","args":[{"c1":[124.90199999999996,389.67299999999994],"c2":[124.90499999999996,389.698],"end":[124.90499999999996,389.72499999999997]}]}]},{"tag":"LineTo","args":[{"point":[124.90499999999996,431.71299999999997]}]},{"tag":"LineTo","args":[{"point":[114.87899999999996,431.71299999999997]}]},{"tag":"BezierCurveTo","args":[{"tag":"CParams","args":[{"c1":[98.83999999999996,431.71299999999997],"c2":[85.78999999999996,444.76199999999994],"end":[85.78999999999996,460.80199999999996]}]}]},{"tag":"LineTo","args":[{"point":[85.78999999999996,482.914]}]},{"tag":"BezierCurveTo","args":[{"tag":"CParams","args":[{"c1":[85.78999999999996,498.953],"c2":[98.83899999999997,512.0029999999999],"end":[114.87899999999996,512.0029999999999]}]}]},{"tag":"LineTo","args":[{"point":[397.11899999999997,512.0029999999999]}]},{"tag":"BezierCurveTo","args":[{"tag":"CParams","args":[{"c1":[413.15799999999996,512.0029999999999],"c2":[426.20799999999997,498.95399999999995],"end":[426.20799999999997,482.91399999999993]}]}]},{"tag":"LineTo","args":[{"point":[426.20799999999997,460.8019999999999]}]},{"tag":"BezierCurveTo","args":[{"tag":"CParams","args":[{"c1":[426.20799999999997,444.7629999999999],"c2":[413.159,431.7129999999999],"end":[397.11899999999997,431.7129999999999]}]}]},{"tag":"LineTo","args":[{"point":[387.09299999999996,431.7129999999999]}]},{"tag":"LineTo","args":[{"point":[387.09299999999996,389.7249999999999]}]},{"tag":"BezierCurveTo","args":[{"tag":"CParams","args":[{"c1":[387.09299999999996,389.6979999999999],"c2":[387.09599999999995,389.6729999999999],"end":[387.09599999999995,389.6459999999999]}]}]},{"tag":"BezierCurveTo","args":[{"tag":"CParams","args":[{"c1":[387.09599999999995,330.6319999999999],"c2":[347.33199999999994,279.0129999999999],"end":[291.27799999999996,263.3919999999999]}]}]},{"tag":"LineTo","args":[{"point":[291.27799999999996,248.61199999999988]}]},{"tag":"BezierCurveTo","args":[{"tag":"CParams","args":[{"c1":[347.33,232.989],"c2":[387.092,181.376],"end":[387.092,122.37]}]}]}]},{"start":[114.881,57.025],"endings":{"tag":"Connected","args":[]},"cmds":[{"tag":"BezierCurveTo","args":[{"tag":"CParams","args":[{"c1":[111.673,57.025],"c2":[109.063,54.415],"end":[109.063,51.207]}]}]},{"tag":"LineTo","args":[{"point":[109.063,29.089]}]},{"tag":"BezierCurveTo","args":[{"tag":"CParams","args":[{"c1":[109.063,25.881],"c2":[111.673,23.271],"end":[114.881,23.271]}]}]},{"tag":"LineTo","args":[{"point":[397.12199999999996,23.271]}]},{"tag":"BezierCurveTo","args":[{"tag":"CParams","args":[{"c1":[400.33,23.271],"c2":[402.93999999999994,25.881],"end":[402.93999999999994,29.089]}]}]},{"tag":"LineTo","args":[{"point":[402.93999999999994,51.208]}]},{"tag":"BezierCurveTo","args":[{"tag":"CParams","args":[{"c1":[402.93999999999994,54.416],"c2":[400.3299999999999,57.025999999999996],"end":[397.12199999999996,57.025999999999996]}]}]},{"tag":"LineTo","args":[{"point":[375.45699999999994,57.025999999999996]}]},{"tag":"LineTo","args":[{"point":[136.54699999999994,57.025999999999996]}]},{"tag":"LineTo","args":[{"point":[114.881,57.025]}]}]},{"start":[148.172,122.55],"endings":{"tag":"Connected","args":[]},"cmds":[{"tag":"BezierCurveTo","args":[{"tag":"CParams","args":[{"c1":[148.173,122.49],"c2":[148.18099999999998,122.42999999999999],"end":[148.18099999999998,122.36999999999999]}]}]},{"tag":"LineTo","args":[{"point":[148.18099999999998,80.296]}]},{"tag":"LineTo","args":[{"point":[363.82099999999997,80.296]}]},{"tag":"LineTo","args":[{"point":[363.82099999999997,122.37]}]},{"tag":"BezierCurveTo","args":[{"tag":"CParams","args":[{"c1":[363.82099999999997,125.44200000000001],"c2":[363.683,128.487],"end":[363.42499999999995,131.50400000000002]}]}]},{"tag":"LineTo","args":[{"point":[148.553,131.50400000000002]}]},{"tag":"BezierCurveTo","args":[{"tag":"CParams","args":[{"c1":[148.307,128.544],"c2":[148.177,125.558],"end":[148.172,122.55]}]}]}]},{"start":[375.451,454.984],"endings":{"tag":"Connected","args":[]},"cmds":[{"tag":"BezierCurveTo","args":[{"tag":"CParams","args":[{"c1":[375.463,454.984],"c2":[375.473,454.98199999999997],"end":[375.485,454.98199999999997]}]}]},{"tag":"LineTo","args":[{"point":[397.119,454.98199999999997]}]},{"tag":"BezierCurveTo","args":[{"tag":"CParams","args":[{"c1":[400.326,454.98199999999997],"c2":[402.937,457.592],"end":[402.937,460.79999999999995]}]}]},{"tag":"LineTo","args":[{"point":[402.937,482.912]}]},{"tag":"BezierCurveTo","args":[{"tag":"CParams","args":[{"c1":[402.937,486.12],"c2":[400.327,488.72999999999996],"end":[397.119,488.72999999999996]}]}]},{"tag":"LineTo","args":[{"point":[114.88,488.72999999999996]}]},{"tag":"BezierCurveTo","args":[{"tag":"CParams","args":[{"c1":[111.672,488.72999999999996],"c2":[109.062,486.11999999999995],"end":[109.062,482.912]}]}]},{"tag":"LineTo","args":[{"point":[109.062,460.79999999999995]}]},{"tag":"BezierCurveTo","args":[{"tag":"CParams","args":[{"c1":[109.062,457.5919999999999],"c2":[111.672,454.98199999999997],"end":[114.88,454.98199999999997]}]}]},{"tag":"LineTo","args":[{"point":[136.542,454.98199999999997]}]},{"tag":"LineTo","args":[{"point":[375.41200000000003,454.98199999999997]}]},{"tag":"BezierCurveTo","args":[{"tag":"CParams","args":[{"c1":[375.424,454.982],"c2":[375.437,454.984],"end":[375.451,454.984]}]}]}]},{"start":[184.579,431.711],"endings":{"tag":"Connected","args":[]},"cmds":[{"tag":"LineTo","args":[{"point":[248.54500000000002,398.797]}]},{"tag":"BezierCurveTo","args":[{"tag":"CParams","args":[{"c1":[253.21300000000002,396.39700000000005],"c2":[258.785,396.39700000000005],"end":[263.451,398.797]}]}]},{"tag":"LineTo","args":[{"point":[327.41700000000003,431.711]}]},{"tag":"LineTo","args":[{"point":[184.579,431.711]}]}]},{"start":[363.823,389.587],"endings":{"tag":"Connected","args":[]},"cmds":[{"tag":"BezierCurveTo","args":[{"tag":"CParams","args":[{"c1":[363.823,389.60499999999996],"c2":[363.82099999999997,389.622],"end":[363.82099999999997,389.64099999999996]}]}]},{"tag":"LineTo","args":[{"point":[363.82099999999997,424.27299999999997]}]},{"tag":"LineTo","args":[{"point":[274.099,378.106]}]},{"tag":"BezierCurveTo","args":[{"tag":"CParams","args":[{"c1":[262.76599999999996,372.27299999999997],"c2":[249.232,372.27299999999997],"end":[237.898,378.106]}]}]},{"tag":"LineTo","args":[{"point":[148.177,424.273]}]},{"tag":"LineTo","args":[{"point":[148.177,389.641]}]},{"tag":"BezierCurveTo","args":[{"tag":"CParams","args":[{"c1":[148.177,389.622],"c2":[148.17499999999998,389.606],"end":[148.17499999999998,389.58700000000005]}]}]},{"tag":"BezierCurveTo","args":[{"tag":"CParams","args":[{"c1":[148.20299999999997,338.41800000000006],"c2":[184.54999999999998,293.99700000000007],"end":[234.62599999999998,283.94700000000006]}]}]},{"tag":"BezierCurveTo","args":[{"tag":"CParams","args":[{"c1":[235.79299999999998,283.71500000000003],"c2":[236.89799999999997,283.31200000000007],"end":[237.91299999999998,282.76000000000005]}]}]},{"tag":"BezierCurveTo","args":[{"tag":"CParams","args":[{"c1":[238.15699999999998,282.62700000000007],"c2":[238.39,282.47700000000003],"end":[238.623,282.33000000000004]}]}]},{"tag":"BezierCurveTo","args":[{"tag":"CParams","args":[{"c1":[238.703,282.27900000000005],"c2":[238.78799999999998,282.235],"end":[238.86599999999999,282.18100000000004]}]}]},{"tag":"BezierCurveTo","args":[{"tag":"CParams","args":[{"c1":[239.13199999999998,282.00100000000003],"c2":[239.38699999999997,281.80500000000006],"end":[239.636,281.605]}]}]},{"tag":"BezierCurveTo","args":[{"tag":"CParams","args":[{"c1":[239.677,281.572],"c2":[239.72,281.545],"end":[239.761,281.511]}]}]},{"tag":"BezierCurveTo","args":[{"tag":"CParams","args":[{"c1":[239.995,281.31800000000004],"c2":[240.215,281.11100000000005],"end":[240.432,280.901]}]}]},{"tag":"BezierCurveTo","args":[{"tag":"CParams","args":[{"c1":[240.48299999999998,280.851],"c2":[240.54,280.806],"end":[240.59099999999998,280.754]}]}]},{"tag":"BezierCurveTo","args":[{"tag":"CParams","args":[{"c1":[240.778,280.567],"c2":[240.951,280.367],"end":[241.12399999999997,280.168]}]}]},{"tag":"BezierCurveTo","args":[{"tag":"CParams","args":[{"c1":[241.19699999999997,280.084],"c2":[241.27599999999995,280.00600000000003],"end":[241.34599999999998,279.919]}]}]},{"tag":"BezierCurveTo","args":[{"tag":"CParams","args":[{"c1":[241.48799999999997,279.746],"c2":[241.61599999999999,279.56199999999995],"end":[241.74899999999997,279.381]}]}]},{"tag":"BezierCurveTo","args":[{"tag":"CParams","args":[{"c1":[241.83899999999997,279.25899999999996],"c2":[241.93399999999997,279.14099999999996],"end":[242.01899999999998,279.01399999999995]}]}]},{"tag":"BezierCurveTo","args":[{"tag":"CParams","args":[{"c1":[242.12699999999998,278.852],"c2":[242.22299999999998,278.6809999999999],"end":[242.32299999999998,278.51399999999995]}]}]},{"tag":"BezierCurveTo","args":[{"tag":"CParams","args":[{"c1":[242.41599999999997,278.35999999999996],"c2":[242.515,278.21],"end":[242.59999999999997,278.05199999999996]}]}]},{"tag":"BezierCurveTo","args":[{"tag":"CParams","args":[{"c1":[242.69799999999998,277.87199999999996],"c2":[242.77899999999997,277.68299999999994],"end":[242.86599999999996,277.498]}]}]},{"tag":"BezierCurveTo","args":[{"tag":"CParams","args":[{"c1":[242.93799999999996,277.346],"c2":[243.01699999999997,277.198],"end":[243.08199999999997,277.043]}]}]},{"tag":"BezierCurveTo","args":[{"tag":"CParams","args":[{"c1":[243.21199999999996,276.733],"c2":[243.32499999999996,276.416],"end":[243.42899999999997,276.094]}]}]},{"tag":"BezierCurveTo","args":[{"tag":"CParams","args":[{"c1":[243.43899999999996,276.06],"c2":[243.45499999999998,276.028],"end":[243.46499999999997,275.99399999999997]}]}]},{"tag":"BezierCurveTo","args":[{"tag":"CParams","args":[{"c1":[243.81499999999997,274.87199999999996],"c2":[243.99399999999997,273.688],"end":[243.98699999999997,272.474]}]}]},{"tag":"LineTo","args":[{"point":[243.98699999999997,253.01]}]},{"tag":"BezierCurveTo","args":[{"tag":"CParams","args":[{"c1":[248.03399999999996,253.385],"c2":[252.10899999999998,253.581],"end":[256.193,253.581]}]}]},{"tag":"BezierCurveTo","args":[{"tag":"CParams","args":[{"c1":[260.139,253.581],"c2":[264.084,253.39499999999998],"end":[268.006,253.04299999999998]}]}]},{"tag":"LineTo","args":[{"point":[268.006,272.532]}]},{"tag":"BezierCurveTo","args":[{"tag":"CParams","args":[{"c1":[268.006,272.534],"c2":[268.006,272.537],"end":[268.006,272.53799999999995]}]}]},{"tag":"BezierCurveTo","args":[{"tag":"CParams","args":[{"c1":[268.006,273.33299999999997],"c2":[268.085,274.11599999999993],"end":[268.24199999999996,274.876]}]}]},{"tag":"BezierCurveTo","args":[{"tag":"CParams","args":[{"c1":[268.24999999999994,274.914],"c2":[268.263,274.94899999999996],"end":[268.27099999999996,274.988]}]}]},{"tag":"BezierCurveTo","args":[{"tag":"CParams","args":[{"c1":[268.342,275.317],"c2":[268.42299999999994,275.644],"end":[268.52199999999993,275.965]}]}]},{"tag":"BezierCurveTo","args":[{"tag":"CParams","args":[{"c1":[268.6189999999999,276.27799999999996],"c2":[268.7339999999999,276.58299999999997],"end":[268.85499999999996,276.883]}]}]},{"tag":"BezierCurveTo","args":[{"tag":"CParams","args":[{"c1":[268.87199999999996,276.92699999999996],"c2":[268.88499999999993,276.97299999999996],"end":[268.90399999999994,277.017]}]}]},{"tag":"BezierCurveTo","args":[{"tag":"CParams","args":[{"c1":[269.0299999999999,277.316],"c2":[269.1719999999999,277.60699999999997],"end":[269.3209999999999,277.893]}]}]},{"tag":"BezierCurveTo","args":[{"tag":"CParams","args":[{"c1":[269.34399999999994,277.938],"c2":[269.3629999999999,277.98499999999996],"end":[269.3869999999999,278.029]}]}]},{"tag":"BezierCurveTo","args":[{"tag":"CParams","args":[{"c1":[269.51999999999987,278.277],"c2":[269.66899999999987,278.514],"end":[269.8189999999999,278.75]}]}]},{"tag":"BezierCurveTo","args":[{"tag":"CParams","args":[{"c1":[269.8699999999999,278.83],"c2":[269.91399999999993,278.915],"end":[269.9679999999999,278.995]}]}]},{"tag":"BezierCurveTo","args":[{"tag":"CParams","args":[{"c1":[270.0929999999999,279.181],"c2":[270.2319999999999,279.357],"end":[270.3669999999999,279.536]}]}]},{"tag":"BezierCurveTo","args":[{"tag":"CParams","args":[{"c1":[270.4589999999999,279.658],"c2":[270.5449999999999,279.785],"end":[270.6419999999999,279.904]}]}]},{"tag":"BezierCurveTo","args":[{"tag":"CParams","args":[{"c1":[270.7469999999999,280.031],"c2":[270.8619999999999,280.148],"end":[270.9709999999999,280.271]}]}]},{"tag":"BezierCurveTo","args":[{"tag":"CParams","args":[{"c1":[271.1129999999999,280.43],"c2":[271.2499999999999,280.59200000000004],"end":[271.39999999999986,280.743]}]}]},{"tag":"BezierCurveTo","args":[{"tag":"CParams","args":[{"c1":[271.47699999999986,280.82],"c2":[271.56199999999984,280.89],"end":[271.6399999999999,280.964]}]}]},{"tag":"BezierCurveTo","args":[{"tag":"CParams","args":[{"c1":[271.83299999999986,281.148],"c2":[272.0259999999999,281.332],"end":[272.23199999999986,281.503]}]}]},{"tag":"BezierCurveTo","args":[{"tag":"CParams","args":[{"c1":[272.28599999999983,281.54699999999997],"c2":[272.34499999999986,281.586],"end":[272.39799999999985,281.62899999999996]}]}]},{"tag":"BezierCurveTo","args":[{"tag":"CParams","args":[{"c1":[272.6349999999999,281.81899999999996],"c2":[272.87599999999986,282.00499999999994],"end":[273.12899999999985,282.176]}]}]},{"tag":"BezierCurveTo","args":[{"tag":"CParams","args":[{"c1":[273.19199999999984,282.21799999999996],"c2":[273.25899999999984,282.253],"end":[273.32199999999983,282.295]}]}]},{"tag":"BezierCurveTo","args":[{"tag":"CParams","args":[{"c1":[273.57099999999986,282.457],"c2":[273.82199999999983,282.61600000000004],"end":[274.0849999999998,282.75800000000004]}]}]},{"tag":"BezierCurveTo","args":[{"tag":"CParams","args":[{"c1":[275.0909999999998,283.30600000000004],"c2":[276.1889999999998,283.70700000000005],"end":[277.3479999999998,283.939]}]}]},{"tag":"BezierCurveTo","args":[{"tag":"CParams","args":[{"c1":[277.34899999999976,283.939],"c2":[277.3509999999998,283.94],"end":[277.3529999999998,283.94]}]}]},{"tag":"BezierCurveTo","args":[{"tag":"CParams","args":[{"c1":[327.44,293.988],"c2":[363.797,338.412],"end":[363.823,389.587]}]}]}]},{"start":[277.367,228.057],"endings":{"tag":"Connected","args":[]},"cmds":[{"tag":"BezierCurveTo","args":[{"tag":"CParams","args":[{"c1":[276.769,228.176],"c2":[276.192,228.349],"end":[275.63100000000003,228.55599999999998]}]}]},{"tag":"BezierCurveTo","args":[{"tag":"CParams","args":[{"c1":[262.574,230.932],"c2":[248.84000000000003,230.86899999999997],"end":[235.89800000000002,228.392]}]}]},{"tag":"BezierCurveTo","args":[{"tag":"CParams","args":[{"c1":[235.83700000000002,228.373],"c2":[235.77700000000002,228.352],"end":[235.71600000000004,228.335]}]}]},{"tag":"BezierCurveTo","args":[{"tag":"CParams","args":[{"c1":[235.36300000000003,228.229],"c2":[235.00500000000002,228.136],"end":[234.63900000000004,228.062]}]}]},{"tag":"BezierCurveTo","args":[{"tag":"CParams","args":[{"c1":[221.77600000000004,225.482],"c2":[209.59000000000003,220.59900000000002],"end":[198.41900000000004,213.549]}]}]},{"tag":"BezierCurveTo","args":[{"tag":"CParams","args":[{"c1":[197.89900000000003,213.216],"c2":[197.37900000000005,212.87800000000001],"end":[196.86400000000003,212.541]}]}]},{"tag":"LineTo","args":[{"point":[196.45800000000003,212.276]}]},{"tag":"BezierCurveTo","args":[{"tag":"CParams","args":[{"c1":[195.84000000000003,211.864],"c2":[195.22100000000003,211.441],"end":[194.53900000000002,210.967]}]}]},{"tag":"BezierCurveTo","args":[{"tag":"CParams","args":[{"c1":[193.96300000000002,210.573],"c2":[193.39600000000002,210.17100000000002],"end":[192.84,209.758]}]}]},{"tag":"BezierCurveTo","args":[{"tag":"CParams","args":[{"c1":[192.782,209.714],"c2":[192.722,209.67100000000002],"end":[192.663,209.62900000000002]}]}]},{"tag":"BezierCurveTo","args":[{"tag":"CParams","args":[{"c1":[192.10000000000002,209.228],"c2":[191.54600000000002,208.818],"end":[191.002,208.39700000000002]}]}]},{"tag":"BezierCurveTo","args":[{"tag":"CParams","args":[{"c1":[190.93200000000002,208.34300000000002],"c2":[190.86200000000002,208.29100000000003],"end":[190.793,208.24]}]}]},{"tag":"BezierCurveTo","args":[{"tag":"CParams","args":[{"c1":[190.252,207.841],"c2":[189.723,207.422],"end":[189.14000000000001,206.958]}]}]},{"tag":"BezierCurveTo","args":[{"tag":"CParams","args":[{"c1":[187.92600000000002,206.002],"c2":[186.686,204.97299999999998],"end":[185.342,203.811]}]}]},{"tag":"BezierCurveTo","args":[{"tag":"CParams","args":[{"c1":[184.05,202.695],"c2":[182.883,201.633],"end":[181.71300000000002,200.50400000000002]}]}]},{"tag":"BezierCurveTo","args":[{"tag":"CParams","args":[{"c1":[168.19100000000003,187.65500000000003],"c2":[158.46800000000002,171.996],"end":[153.07700000000003,154.776]}]}]},{"tag":"LineTo","args":[{"point":[358.814,154.776]}]},{"tag":"BezierCurveTo","args":[{"tag":"CParams","args":[{"c1":[347.216,191.392],"c2":[316.48,220.206],"end":[277.367,228.057]}]}]}]}]]}]},"id":{"tag":"StringValue","args":["path1"]}},"children":[]}]}]}]},{"tag":"Text","args":["\n"]},{"tag":"Element","args":[{"tagName":"g","attributes":{"id":{"tag":"StringValue","args":["g4"]}},"children":[{"tag":"Text","args":["\n\t\n"]},{"tag":"Element","args":[{"tagName":"path","attributes":{"d":{"tag":"Value","args":[{"tag":"Paths","args":[[{"start":[255.999,309.292],"endings":{"tag":"Connected","args":[]},"cmds":[{"tag":"BezierCurveTo","args":[{"tag":"CParams","args":[{"c1":[249.573,309.292],"c2":[244.364,314.50199999999995],"end":[244.364,320.92699999999996]}]}]},{"tag":"LineTo","args":[{"point":[244.364,335.58799999999997]}]},{"tag":"BezierCurveTo","args":[{"tag":"CParams","args":[{"c1":[244.364,342.013],"c2":[249.573,347.22299999999996],"end":[255.999,347.22299999999996]}]}]},{"tag":"BezierCurveTo","args":[{"tag":"CParams","args":[{"c1":[262.425,347.22299999999996],"c2":[267.634,342.013],"end":[267.634,335.58799999999997]}]}]},{"tag":"LineTo","args":[{"point":[267.634,320.92699999999996]}]},{"tag":"BezierCurveTo","args":[{"tag":"CParams","args":[{"c1":[267.634,314.502],"c2":[262.425,309.292],"end":[255.999,309.292]}]}]}]}]]}]},"id":{"tag":"StringValue","args":["path2"]}},"children":[]}]}]}]},{"tag":"Text","args":["\n\n\n\n\n\n\n\n\n\n\n\n\n\n\n\n"]}]}]},"palettes":{"index":0,"table":[[{"background":{"tag":"AutomaticColor","args":[]},"foreground":{"tag":"AutomaticColor","args":[]}},[]]]}},{"extras":{"name":"documents","codePoint":61442},"node":{"tag":"Element","args":[{"tagName":"svg","attributes":{"fill":{"tag":"Value","args":[{"tag":"Paint","args":[{"tag":"CurrentColor","args":[]}]}]},"id":{"tag":"StringValue","args":["Layer_1"]},"version":{"tag":"StringValue","args":["1.1"]},"viewBox":{"tag":"Value","args":[{"tag":"ViewBox","args":[{"minX":0,"minY":0,"width":512,"height":512}]}]},"xmlns":{"tag":"StringValue","args":["http://www.w3.org/2000/svg"]}},"children":[{"tag":"Text","args":["\n"]},{"tag":"Element","args":[{"tagName":"g","attributes":{"id":{"tag":"StringValue","args":["g2"]}},"children":[{"tag":"Text","args":["\n\t\n"]},{"tag":"Element","args":[{"tagName":"path","attributes":{"d":{"tag":"Value","args":[{"tag":"Paths","args":[[{"start":[464.714,34.786],"endings":{"tag":"Connected","args":[]},"cmds":[{"tag":"LineTo","args":[{"point":[264.154,34.786]}]},{"tag":"LineTo","args":[{"point":[264.154,29.894000000000002]}]},{"tag":"BezierCurveTo","args":[{"tag":"CParams","args":[{"c1":[264.154,13.41],"c2":[250.743,0],"end":[234.26,0]}]}]},{"tag":"LineTo","args":[{"point":[199.474,0]}]},{"tag":"BezierCurveTo","args":[{"tag":"CParams","args":[{"c1":[182.99099999999999,0],"c2":[169.57999999999998,13.41],"end":[169.57999999999998,29.894]}]}]},{"tag":"LineTo","args":[{"point":[169.57999999999998,34.786]}]},{"tag":"LineTo","args":[{"point":[121.20599999999999,34.786]}]},{"tag":"BezierCurveTo","args":[{"tag":"CParams","args":[{"c1":[116.70199999999998,34.786],"c2":[113.05299999999998,38.436],"end":[113.05299999999998,42.939]}]}]},{"tag":"LineTo","args":[{"point":[113.05299999999998,108.70500000000001]}]},{"tag":"LineTo","args":[{"point":[47.288,108.70500000000001]}]},{"tag":"BezierCurveTo","args":[{"tag":"CParams","args":[{"c1":[42.784,108.70500000000001],"c2":[39.135,112.35500000000002],"end":[39.135,116.85800000000002]}]}]},{"tag":"LineTo","args":[{"point":[39.135,421.226]}]},{"tag":"BezierCurveTo","args":[{"tag":"CParams","args":[{"c1":[39.135,421.497],"c2":[39.149,421.768],"end":[39.175999999999995,422.038]}]}]},{"tag":"BezierCurveTo","args":[{"tag":"CParams","args":[{"c1":[39.187,422.148],"c2":[39.20799999999999,422.254],"end":[39.22299999999999,422.363]}]}]},{"tag":"BezierCurveTo","args":[{"tag":"CParams","args":[{"c1":[39.24499999999999,422.518],"c2":[39.26299999999999,422.673],"end":[39.29399999999999,422.827]}]}]},{"tag":"BezierCurveTo","args":[{"tag":"CParams","args":[{"c1":[39.31899999999999,422.956],"c2":[39.35499999999999,423.081],"end":[39.38599999999999,423.207]}]}]},{"tag":"BezierCurveTo","args":[{"tag":"CParams","args":[{"c1":[39.41899999999999,423.339],"c2":[39.447999999999986,423.46999999999997],"end":[39.48699999999999,423.601]}]}]},{"tag":"BezierCurveTo","args":[{"tag":"CParams","args":[{"c1":[39.524999999999984,423.726],"c2":[39.57199999999999,423.846],"end":[39.61499999999999,423.968]}]}]},{"tag":"BezierCurveTo","args":[{"tag":"CParams","args":[{"c1":[39.66099999999999,424.09700000000004],"c2":[39.703999999999986,424.22700000000003],"end":[39.755999999999986,424.35400000000004]}]}]},{"tag":"BezierCurveTo","args":[{"tag":"CParams","args":[{"c1":[39.80399999999999,424.468],"c2":[39.85899999999999,424.57800000000003],"end":[39.91099999999999,424.69000000000005]}]}]},{"tag":"BezierCurveTo","args":[{"tag":"CParams","args":[{"c1":[39.97199999999999,424.8190000000001],"c2":[40.02899999999999,424.95000000000005],"end":[40.09699999999999,425.07700000000006]}]}]},{"tag":"BezierCurveTo","args":[{"tag":"CParams","args":[{"c1":[40.15499999999999,425.18500000000006],"c2":[40.219999999999985,425.28600000000006],"end":[40.28199999999999,425.39000000000004]}]}]},{"tag":"BezierCurveTo","args":[{"tag":"CParams","args":[{"c1":[40.35599999999999,425.51400000000007],"c2":[40.42699999999999,425.64000000000004],"end":[40.50699999999999,425.761]}]}]},{"tag":"BezierCurveTo","args":[{"tag":"CParams","args":[{"c1":[40.58299999999999,425.875],"c2":[40.66799999999999,425.982],"end":[40.74999999999999,426.093]}]}]},{"tag":"BezierCurveTo","args":[{"tag":"CParams","args":[{"c1":[40.82699999999999,426.196],"c2":[40.898999999999994,426.302],"end":[40.98199999999999,426.40200000000004]}]}]},{"tag":"BezierCurveTo","args":[{"tag":"CParams","args":[{"c1":[41.14099999999999,426.59400000000005],"c2":[41.30899999999999,426.77900000000005],"end":[41.483999999999995,426.95700000000005]}]}]},{"tag":"BezierCurveTo","args":[{"tag":"CParams","args":[{"c1":[41.49699999999999,426.97],"c2":[41.507999999999996,426.98500000000007],"end":[41.520999999999994,426.99800000000005]}]}]},{"tag":"LineTo","args":[{"point":[124.137,509.61400000000003]}]},{"tag":"BezierCurveTo","args":[{"tag":"CParams","args":[{"c1":[124.148,509.62500000000006],"c2":[124.16,509.634],"end":[124.17,509.64300000000003]}]}]},{"tag":"BezierCurveTo","args":[{"tag":"CParams","args":[{"c1":[124.35000000000001,509.821],"c2":[124.538,509.992],"end":[124.735,510.15400000000005]}]}]},{"tag":"BezierCurveTo","args":[{"tag":"CParams","args":[{"c1":[124.826,510.22900000000004],"c2":[124.923,510.29400000000004],"end":[125.017,510.36500000000007]}]}]},{"tag":"BezierCurveTo","args":[{"tag":"CParams","args":[{"c1":[125.137,510.45400000000006],"c2":[125.253,510.5470000000001],"end":[125.377,510.63000000000005]}]}]},{"tag":"BezierCurveTo","args":[{"tag":"CParams","args":[{"c1":[125.488,510.70500000000004],"c2":[125.604,510.76900000000006],"end":[125.717,510.8380000000001]}]}]},{"tag":"BezierCurveTo","args":[{"tag":"CParams","args":[{"c1":[125.831,510.90600000000006],"c2":[125.943,510.97800000000007],"end":[126.06099999999999,511.04100000000005]}]}]},{"tag":"BezierCurveTo","args":[{"tag":"CParams","args":[{"c1":[126.17699999999999,511.10300000000007],"c2":[126.29799999999999,511.15600000000006],"end":[126.41799999999999,511.2130000000001]}]}]},{"tag":"BezierCurveTo","args":[{"tag":"CParams","args":[{"c1":[126.53999999999999,511.2710000000001],"c2":[126.65899999999999,511.3310000000001],"end":[126.78399999999999,511.3830000000001]}]}]},{"tag":"BezierCurveTo","args":[{"tag":"CParams","args":[{"c1":[126.89999999999999,511.4310000000001],"c2":[127.02,511.4700000000001],"end":[127.13799999999999,511.5120000000001]}]}]},{"tag":"BezierCurveTo","args":[{"tag":"CParams","args":[{"c1":[127.27099999999999,511.5600000000001],"c2":[127.401,511.6110000000001],"end":[127.53599999999999,511.6510000000001]}]}]},{"tag":"BezierCurveTo","args":[{"tag":"CParams","args":[{"c1":[127.65599999999999,511.6870000000001],"c2":[127.77599999999998,511.71300000000014],"end":[127.89699999999999,511.7430000000001]}]}]},{"tag":"BezierCurveTo","args":[{"tag":"CParams","args":[{"c1":[128.034,511.77800000000013],"c2":[128.17,511.8160000000001],"end":[128.309,511.84300000000013]}]}]},{"tag":"BezierCurveTo","args":[{"tag":"CParams","args":[{"c1":[128.44899999999998,511.87100000000015],"c2":[128.591,511.8870000000001],"end":[128.732,511.90700000000015]}]}]},{"tag":"BezierCurveTo","args":[{"tag":"CParams","args":[{"c1":[128.854,511.92400000000015],"c2":[128.974,511.94800000000015],"end":[129.097,511.9590000000002]}]}]},{"tag":"BezierCurveTo","args":[{"tag":"CParams","args":[{"c1":[129.364,511.9850000000002],"c2":[129.633,511.9990000000002],"end":[129.901,511.9990000000002]}]}]},{"tag":"LineTo","args":[{"point":[369.052,511.9990000000002]}]},{"tag":"BezierCurveTo","args":[{"tag":"CParams","args":[{"c1":[373.55600000000004,511.9990000000002],"c2":[377.20500000000004,508.3490000000002],"end":[377.20500000000004,503.8460000000002]}]}]},{"tag":"LineTo","args":[{"point":[377.20500000000004,468.51700000000017]}]},{"tag":"LineTo","args":[{"point":[464.71200000000005,468.51700000000017]}]},{"tag":"BezierCurveTo","args":[{"tag":"CParams","args":[{"c1":[469.21600000000007,468.51700000000017],"c2":[472.86500000000007,464.8670000000002],"end":[472.86500000000007,460.36400000000015]}]}]},{"tag":"LineTo","args":[{"point":[472.86500000000007,42.938]}]},{"tag":"BezierCurveTo","args":[{"tag":"CParams","args":[{"c1":[472.867,38.436],"c2":[469.218,34.786],"end":[464.714,34.786]}]}]}]},{"start":[185.886,29.894],"endings":{"tag":"Connected","args":[]},"cmds":[{"tag":"BezierCurveTo","args":[{"tag":"CParams","args":[{"c1":[185.886,22.400999999999996],"c2":[191.981,16.305999999999997],"end":[199.474,16.305999999999997]}]}]},{"tag":"LineTo","args":[{"point":[234.26,16.305999999999997]}]},{"tag":"BezierCurveTo","args":[{"tag":"CParams","args":[{"c1":[241.753,16.305999999999997],"c2":[247.84799999999998,22.400999999999996],"end":[247.84799999999998,29.894]}]}]},{"tag":"LineTo","args":[{"point":[247.84799999999998,34.786]}]},{"tag":"LineTo","args":[{"point":[185.88599999999997,34.786]}]},{"tag":"LineTo","args":[{"point":[185.886,29.894]}]}]},{"start":[185.886,125.011],"endings":{"tag":"Connected","args":[]},"cmds":[{"tag":"LineTo","args":[{"point":[226.107,125.011]}]},{"tag":"LineTo","args":[{"point":[226.107,165.232]}]},{"tag":"LineTo","args":[{"point":[185.886,165.232]}]},{"tag":"LineTo","args":[{"point":[185.886,125.011]}]}]},{"start":[223.364,181.537],"endings":{"tag":"Connected","args":[]},"cmds":[{"tag":"BezierCurveTo","args":[{"tag":"CParams","args":[{"c1":[220.882,184.83],"c2":[216.952,186.972],"end":[212.52,186.972]}]}]},{"tag":"LineTo","args":[{"point":[199.47500000000002,186.972]}]},{"tag":"BezierCurveTo","args":[{"tag":"CParams","args":[{"c1":[195.04300000000003,186.972],"c2":[191.11200000000002,184.829],"end":[188.63100000000003,181.537]}]}]},{"tag":"LineTo","args":[{"point":[223.364,181.537]}]}]},{"start":[129.36,51.091],"endings":{"tag":"Connected","args":[]},"cmds":[{"tag":"LineTo","args":[{"point":[169.58100000000002,51.091]}]},{"tag":"LineTo","args":[{"point":[169.58100000000002,108.705]}]},{"tag":"LineTo","args":[{"point":[129.36,108.705]}]},{"tag":"LineTo","args":[{"point":[129.36,51.091]}]}]},{"start":[121.751,460.365],"endings":{"tag":"Connected","args":[]},"cmds":[{"tag":"LineTo","args":[{"point":[121.751,484.164]}]},{"tag":"LineTo","args":[{"point":[66.971,429.384]}]},{"tag":"LineTo","args":[{"point":[121.207,429.384]}]},{"tag":"LineTo","args":[{"point":[121.75099999999999,429.384]}]},{"tag":"LineTo","args":[{"point":[121.751,460.365]}]}]},{"start":[360.901,460.365],"endings":{"tag":"Connected","args":[]},"cmds":[{"tag":"LineTo","args":[{"point":[360.901,495.694]}]},{"tag":"LineTo","args":[{"point":[138.056,495.694]}]},{"tag":"LineTo","args":[{"point":[138.056,460.365]}]},{"tag":"LineTo","args":[{"point":[138.056,421.231]}]},{"tag":"BezierCurveTo","args":[{"tag":"CParams","args":[{"c1":[138.056,416.728],"c2":[134.407,413.078],"end":[129.90300000000002,413.078]}]}]},{"tag":"LineTo","args":[{"point":[121.20700000000002,413.078]}]},{"tag":"LineTo","args":[{"point":[55.441,413.078]}]},{"tag":"LineTo","args":[{"point":[55.441,125.011]}]},{"tag":"LineTo","args":[{"point":[121.20700000000001,125.011]}]},{"tag":"LineTo","args":[{"point":[169.58100000000002,125.011]}]},{"tag":"LineTo","args":[{"point":[169.58100000000002,165.232]}]},{"tag":"LineTo","args":[{"point":[121.20700000000002,165.232]}]},{"tag":"LineTo","args":[{"point":[103.81400000000002,165.232]}]},{"tag":"BezierCurveTo","args":[{"tag":"CParams","args":[{"c1":[99.31000000000002,165.232],"c2":[95.66100000000002,168.882],"end":[95.66100000000002,173.385]}]}]},{"tag":"BezierCurveTo","args":[{"tag":"CParams","args":[{"c1":[95.66100000000002,177.88799999999998],"c2":[99.31000000000002,181.53799999999998],"end":[103.81400000000002,181.53799999999998]}]}]},{"tag":"LineTo","args":[{"point":[121.20700000000002,181.53799999999998]}]},{"tag":"LineTo","args":[{"point":[170.72000000000003,181.53799999999998]}]},{"tag":"BezierCurveTo","args":[{"tag":"CParams","args":[{"c1":[174.27900000000002,194.069],"c2":[185.81800000000004,203.279],"end":[199.47500000000002,203.279]}]}]},{"tag":"LineTo","args":[{"point":[212.52,203.279]}]},{"tag":"BezierCurveTo","args":[{"tag":"CParams","args":[{"c1":[226.17700000000002,203.279],"c2":[237.716,194.07],"end":[241.275,181.538]}]}]},{"tag":"LineTo","args":[{"point":[316.877,181.538]}]},{"tag":"BezierCurveTo","args":[{"tag":"CParams","args":[{"c1":[321.38100000000003,181.538],"c2":[325.03000000000003,177.888],"end":[325.03000000000003,173.38500000000002]}]}]},{"tag":"BezierCurveTo","args":[{"tag":"CParams","args":[{"c1":[325.03000000000003,168.88200000000003],"c2":[321.38100000000003,165.23200000000003],"end":[316.877,165.23200000000003]}]}]},{"tag":"LineTo","args":[{"point":[242.41400000000002,165.23200000000003]}]},{"tag":"LineTo","args":[{"point":[242.41400000000002,125.01100000000002]}]},{"tag":"LineTo","args":[{"point":[360.90200000000004,125.01100000000002]}]},{"tag":"LineTo","args":[{"point":[360.901,460.365]}]}]},{"start":[456.562,452.212],"endings":{"tag":"Connected","args":[]},"cmds":[{"tag":"LineTo","args":[{"point":[377.207,452.212]}]},{"tag":"LineTo","args":[{"point":[377.207,116.858]}]},{"tag":"BezierCurveTo","args":[{"tag":"CParams","args":[{"c1":[377.207,112.355],"c2":[373.558,108.705],"end":[369.054,108.705]}]}]},{"tag":"LineTo","args":[{"point":[242.413,108.705]}]},{"tag":"LineTo","args":[{"point":[242.413,69.028]}]},{"tag":"BezierCurveTo","args":[{"tag":"CParams","args":[{"c1":[242.413,64.525],"c2":[238.764,60.87500000000001],"end":[234.26000000000002,60.87500000000001]}]}]},{"tag":"BezierCurveTo","args":[{"tag":"CParams","args":[{"c1":[229.75600000000003,60.87500000000001],"c2":[226.10700000000003,64.525],"end":[226.10700000000003,69.028]}]}]},{"tag":"LineTo","args":[{"point":[226.10700000000003,108.70500000000001]}]},{"tag":"LineTo","args":[{"point":[185.88600000000002,108.70500000000001]}]},{"tag":"LineTo","args":[{"point":[185.88600000000002,51.091]}]},{"tag":"LineTo","args":[{"point":[456.56100000000004,51.091]}]},{"tag":"LineTo","args":[{"point":[456.562,452.212]}]}]}]]}]},"id":{"tag":"StringValue","args":["path1"]}},"children":[]}]}]}]},{"tag":"Text","args":["\n"]},{"tag":"Element","args":[{"tagName":"g","attributes":{"id":{"tag":"StringValue","args":["g4"]}},"children":[{"tag":"Text","args":["\n\t\n"]},{"tag":"Element","args":[{"tagName":"path","attributes":{"d":{"tag":"Value","args":[{"tag":"Paths","args":[[{"start":[316.876,234.803],"endings":{"tag":"Connected","args":[]},"cmds":[{"tag":"LineTo","args":[{"point":[121.207,234.803]}]},{"tag":"LineTo","args":[{"point":[103.814,234.803]}]},{"tag":"BezierCurveTo","args":[{"tag":"CParams","args":[{"c1":[99.30999999999999,234.803],"c2":[95.66099999999999,238.453],"end":[95.66099999999999,242.956]}]}]},{"tag":"BezierCurveTo","args":[{"tag":"CParams","args":[{"c1":[95.66099999999999,247.45899999999997],"c2":[99.30999999999999,251.10899999999998],"end":[103.814,251.10899999999998]}]}]},{"tag":"LineTo","args":[{"point":[121.207,251.10899999999998]}]},{"tag":"LineTo","args":[{"point":[316.876,251.10899999999998]}]},{"tag":"BezierCurveTo","args":[{"tag":"CParams","args":[{"c1":[321.38,251.10899999999998],"c2":[325.029,247.45899999999997],"end":[325.029,242.956]}]}]},{"tag":"BezierCurveTo","args":[{"tag":"CParams","args":[{"c1":[325.029,238.453],"c2":[321.38,234.803],"end":[316.876,234.803]}]}]}]}]]}]},"id":{"tag":"StringValue","args":["path2"]}},"children":[]}]}]}]},{"tag":"Text","args":["\n"]},{"tag":"Element","args":[{"tagName":"g","attributes":{"id":{"tag":"StringValue","args":["g6"]}},"children":[{"tag":"Text","args":["\n\t\n"]},{"tag":"Element","args":[{"tagName":"path","attributes":{"d":{"tag":"Value","args":[{"tag":"Paths","args":[[{"start":[316.876,304.374],"endings":{"tag":"Connected","args":[]},"cmds":[{"tag":"LineTo","args":[{"point":[121.207,304.374]}]},{"tag":"LineTo","args":[{"point":[103.814,304.374]}]},{"tag":"BezierCurveTo","args":[{"tag":"CParams","args":[{"c1":[99.30999999999999,304.374],"c2":[95.66099999999999,308.024],"end":[95.66099999999999,312.52700000000004]}]}]},{"tag":"BezierCurveTo","args":[{"tag":"CParams","args":[{"c1":[95.66099999999999,317.0300000000001],"c2":[99.30999999999999,320.68000000000006],"end":[103.814,320.68000000000006]}]}]},{"tag":"LineTo","args":[{"point":[121.207,320.68000000000006]}]},{"tag":"LineTo","args":[{"point":[316.876,320.68000000000006]}]},{"tag":"BezierCurveTo","args":[{"tag":"CParams","args":[{"c1":[321.38,320.68000000000006],"c2":[325.029,317.0300000000001],"end":[325.029,312.52700000000004]}]}]},{"tag":"BezierCurveTo","args":[{"tag":"CParams","args":[{"c1":[325.029,308.024],"c2":[321.38,304.374],"end":[316.876,304.374]}]}]}]}]]}]},"id":{"tag":"StringValue","args":["path4"]}},"children":[]}]}]}]},{"tag":"Text","args":["\n"]},{"tag":"Element","args":[{"tagName":"g","attributes":{"id":{"tag":"StringValue","args":["g8"]}},"children":[{"tag":"Text","args":["\n\t\n"]},{"tag":"Element","args":[{"tagName":"path","attributes":{"d":{"tag":"Value","args":[{"tag":"Paths","args":[[{"start":[316.876,373.945],"endings":{"tag":"Connected","args":[]},"cmds":[{"tag":"LineTo","args":[{"point":[121.207,373.945]}]},{"tag":"LineTo","args":[{"point":[103.814,373.945]}]},{"tag":"BezierCurveTo","args":[{"tag":"CParams","args":[{"c1":[99.30999999999999,373.945],"c2":[95.66099999999999,377.59499999999997],"end":[95.66099999999999,382.098]}]}]},{"tag":"BezierCurveTo","args":[{"tag":"CParams","args":[{"c1":[95.66099999999999,386.601],"c2":[99.30999999999999,390.25100000000003],"end":[103.814,390.25100000000003]}]}]},{"tag":"LineTo","args":[{"point":[121.207,390.25100000000003]}]},{"tag":"LineTo","args":[{"point":[316.876,390.25100000000003]}]},{"tag":"BezierCurveTo","args":[{"tag":"CParams","args":[{"c1":[321.38,390.25100000000003],"c2":[325.029,386.60100000000006],"end":[325.029,382.098]}]}]},{"tag":"BezierCurveTo","args":[{"tag":"CParams","args":[{"c1":[325.029,377.595],"c2":[321.38,373.945],"end":[316.876,373.945]}]}]}]}]]}]},"id":{"tag":"StringValue","args":["path6"]}},"children":[]}]}]}]},{"tag":"Text","args":["\n\n\n\n\n\n\n\n\n\n\n\n\n\n\n\n"]}]}]},"palettes":{"index":0,"table":[[{"background":{"tag":"AutomaticColor","args":[]},"foreground":{"tag":"AutomaticColor","args":[]}},[]]]}},{"extras":{"name":"file","codePoint":61441},"node":{"tag":"Element","args":[{"tagName":"svg","attributes":{"fill":{"tag":"Value","args":[{"tag":"Paint","args":[{"tag":"CurrentColor","args":[]}]}]},"id":{"tag":"StringValue","args":["Layer_1"]},"version":{"tag":"StringValue","args":["1.1"]},"viewBox":{"tag":"Value","args":[{"tag":"ViewBox","args":[{"minX":0,"minY":0,"width":512,"height":512}]}]},"xmlns":{"tag":"StringValue","args":["http://www.w3.org/2000/svg"]}},"children":[{"tag":"Text","args":["\n"]},{"tag":"Element","args":[{"tagName":"g","attributes":{"id":{"tag":"StringValue","args":["g2"]}},"children":[{"tag":"Text","args":["\n\t\n"]},{"tag":"Element","args":[{"tagName":"path","attributes":{"d":{"tag":"Value","args":[{"tag":"Paths","args":[[{"start":[441.239,137.656],"endings":{"tag":"Connected","args":[]},"cmds":[{"tag":"LineTo","args":[{"point":[306.547,2.964]}]},{"tag":"BezierCurveTo","args":[{"tag":"CParams","args":[{"c1":[304.649,1.066],"c2":[302.076,0],"end":[299.391,0]}]}]},{"tag":"LineTo","args":[{"point":[109.598,0]}]},{"tag":"BezierCurveTo","args":[{"tag":"CParams","args":[{"c1":[86.549,0],"c2":[67.798,18.751],"end":[67.798,41.8]}]}]},{"tag":"LineTo","args":[{"point":[67.798,470.2]}]},{"tag":"BezierCurveTo","args":[{"tag":"CParams","args":[{"c1":[67.798,493.24899999999997],"c2":[86.549,512],"end":[109.598,512]}]}]},{"tag":"LineTo","args":[{"point":[402.402,512]}]},{"tag":"BezierCurveTo","args":[{"tag":"CParams","args":[{"c1":[425.45099999999996,512],"c2":[444.202,493.249],"end":[444.202,470.2]}]}]},{"tag":"LineTo","args":[{"point":[444.202,144.811]}]},{"tag":"BezierCurveTo","args":[{"tag":"CParams","args":[{"c1":[444.202,142.128],"c2":[443.136,139.553],"end":[441.239,137.656]}]}]}]},{"start":[309.511,34.549],"endings":{"tag":"Connected","args":[]},"cmds":[{"tag":"LineTo","args":[{"point":[409.654,134.69]}]},{"tag":"LineTo","args":[{"point":[331.072,134.69]}]},{"tag":"BezierCurveTo","args":[{"tag":"CParams","args":[{"c1":[319.183,134.69],"c2":[309.512,125.018],"end":[309.512,113.128]}]}]},{"tag":"LineTo","args":[{"point":[309.511,34.549]}]}]},{"start":[423.964,470.2],"endings":{"tag":"Connected","args":[]},"cmds":[{"tag":"BezierCurveTo","args":[{"tag":"CParams","args":[{"c1":[423.964,482.089],"c2":[414.292,491.762],"end":[402.402,491.762]}]}]},{"tag":"LineTo","args":[{"point":[109.598,491.762]}]},{"tag":"BezierCurveTo","args":[{"tag":"CParams","args":[{"c1":[97.709,491.762],"c2":[88.036,482.089],"end":[88.036,470.2]}]}]},{"tag":"LineTo","args":[{"point":[88.036,41.8]}]},{"tag":"BezierCurveTo","args":[{"tag":"CParams","args":[{"c1":[88.036,29.910999999999998],"c2":[97.709,20.237999999999996],"end":[109.598,20.237999999999996]}]}]},{"tag":"LineTo","args":[{"point":[289.272,20.237999999999996]}]},{"tag":"LineTo","args":[{"point":[289.272,113.13]}]},{"tag":"BezierCurveTo","args":[{"tag":"CParams","args":[{"c1":[289.272,136.179],"c2":[308.022,154.93],"end":[331.07099999999997,154.93]}]}]},{"tag":"LineTo","args":[{"point":[423.96399999999994,154.93]}]},{"tag":"LineTo","args":[{"point":[423.964,470.2]}]}]}]]}]},"id":{"tag":"StringValue","args":["path1"]}},"children":[]}]}]}]},{"tag":"Text","args":["\n"]},{"tag":"Element","args":[{"tagName":"g","attributes":{"id":{"tag":"StringValue","args":["g4"]}},"children":[{"tag":"Text","args":["\n\t\n"]},{"tag":"Element","args":[{"tagName":"path","attributes":{"d":{"tag":"Value","args":[{"tag":"Paths","args":[[{"start":[336.949,257.012],"endings":{"tag":"Connected","args":[]},"cmds":[{"tag":"LineTo","args":[{"point":[175.051,257.012]}]},{"tag":"BezierCurveTo","args":[{"tag":"CParams","args":[{"c1":[169.463,257.012],"c2":[164.932,261.543],"end":[164.932,267.131]}]}]},{"tag":"BezierCurveTo","args":[{"tag":"CParams","args":[{"c1":[164.932,272.71899999999994],"c2":[169.463,277.25],"end":[175.051,277.25]}]}]},{"tag":"LineTo","args":[{"point":[336.94899999999996,277.25]}]},{"tag":"BezierCurveTo","args":[{"tag":"CParams","args":[{"c1":[342.53899999999993,277.25],"c2":[347.068,272.719],"end":[347.068,267.131]}]}]},{"tag":"BezierCurveTo","args":[{"tag":"CParams","args":[{"c1":[347.068,261.54299999999995],"c2":[342.539,257.012],"end":[336.949,257.012]}]}]}]}]]}]},"id":{"tag":"StringValue","args":["path2"]}},"children":[]}]}]}]},{"tag":"Text","args":["\n"]},{"tag":"Element","args":[{"tagName":"g","attributes":{"id":{"tag":"StringValue","args":["g6"]}},"children":[{"tag":"Text","args":["\n\t\n"]},{"tag":"Element","args":[{"tagName":"path","attributes":{"d":{"tag":"Value","args":[{"tag":"Paths","args":[[{"start":[336.949,302.208],"endings":{"tag":"Connected","args":[]},"cmds":[{"tag":"LineTo","args":[{"point":[175.051,302.208]}]},{"tag":"BezierCurveTo","args":[{"tag":"CParams","args":[{"c1":[169.463,302.208],"c2":[164.932,306.73900000000003],"end":[164.932,312.327]}]}]},{"tag":"BezierCurveTo","args":[{"tag":"CParams","args":[{"c1":[164.932,317.91499999999996],"c2":[169.463,322.446],"end":[175.051,322.446]}]}]},{"tag":"LineTo","args":[{"point":[336.94899999999996,322.446]}]},{"tag":"BezierCurveTo","args":[{"tag":"CParams","args":[{"c1":[342.53899999999993,322.446],"c2":[347.068,317.915],"end":[347.068,312.327]}]}]},{"tag":"BezierCurveTo","args":[{"tag":"CParams","args":[{"c1":[347.068,306.739],"c2":[342.539,302.208],"end":[336.949,302.208]}]}]}]}]]}]},"id":{"tag":"StringValue","args":["path4"]}},"children":[]}]}]}]},{"tag":"Text","args":["\n"]},{"tag":"Element","args":[{"tagName":"g","attributes":{"id":{"tag":"StringValue","args":["g8"]}},"children":[{"tag":"Text","args":["\n\t\n"]},{"tag":"Element","args":[{"tagName":"path","attributes":{"d":{"tag":"Value","args":[{"tag":"Paths","args":[[{"start":[336.949,347.404],"endings":{"tag":"Connected","args":[]},"cmds":[{"tag":"LineTo","args":[{"point":[175.051,347.404]}]},{"tag":"BezierCurveTo","args":[{"tag":"CParams","args":[{"c1":[169.463,347.404],"c2":[164.932,351.935],"end":[164.932,357.523]}]}]},{"tag":"BezierCurveTo","args":[{"tag":"CParams","args":[{"c1":[164.932,363.11100000000005],"c2":[169.463,367.64200000000005],"end":[175.051,367.64200000000005]}]}]},{"tag":"LineTo","args":[{"point":[336.94899999999996,367.64200000000005]}]},{"tag":"BezierCurveTo","args":[{"tag":"CParams","args":[{"c1":[342.53899999999993,367.64200000000005],"c2":[347.068,363.11100000000005],"end":[347.068,357.523]}]}]},{"tag":"BezierCurveTo","args":[{"tag":"CParams","args":[{"c1":[347.068,351.935],"c2":[342.539,347.404],"end":[336.949,347.404]}]}]}]}]]}]},"id":{"tag":"StringValue","args":["path6"]}},"children":[]}]}]}]},{"tag":"Text","args":["\n"]},{"tag":"Element","args":[{"tagName":"g","attributes":{"id":{"tag":"StringValue","args":["g10"]}},"children":[{"tag":"Text","args":["\n\t\n"]},{"tag":"Element","args":[{"tagName":"path","attributes":{"d":{"tag":"Value","args":[{"tag":"Paths","args":[[{"start":[284.332,392.601],"endings":{"tag":"Connected","args":[]},"cmds":[{"tag":"LineTo","args":[{"point":[175.051,392.601]}]},{"tag":"BezierCurveTo","args":[{"tag":"CParams","args":[{"c1":[169.463,392.601],"c2":[164.932,397.132],"end":[164.932,402.72]}]}]},{"tag":"BezierCurveTo","args":[{"tag":"CParams","args":[{"c1":[164.932,408.30800000000005],"c2":[169.463,412.83900000000006],"end":[175.051,412.83900000000006]}]}]},{"tag":"LineTo","args":[{"point":[284.332,412.83900000000006]}]},{"tag":"BezierCurveTo","args":[{"tag":"CParams","args":[{"c1":[289.92199999999997,412.83900000000006],"c2":[294.451,408.30800000000005],"end":[294.451,402.72]}]}]},{"tag":"BezierCurveTo","args":[{"tag":"CParams","args":[{"c1":[294.451,397.132],"c2":[289.922,392.601],"end":[284.332,392.601]}]}]}]}]]}]},"id":{"tag":"StringValue","args":["path8"]}},"children":[]}]}]}]},{"tag":"Text","args":["\n\n\n\n\n\n\n\n\n\n\n\n\n\n\n\n"]}]}]},"palettes":{"index":0,"table":[[{"background":{"tag":"AutomaticColor","args":[]},"foreground":{"tag":"AutomaticColor","args":[]}},[]]]}},{"extras":{"name":"bluetooth","codePoint":61440},"node":{"tag":"Element","args":[{"tagName":"svg","attributes":{"fill":{"tag":"Value","args":[{"tag":"Paint","args":[{"tag":"CurrentColor","args":[]}]}]},"height":{"tag":"Value","args":[{"tag":"Length","args":[{"tag":"Px","args":[512]}]}]},"id":{"tag":"StringValue","args":["Layer_1"]},"version":{"tag":"StringValue","args":["1.1"]},"viewBox":{"tag":"Value","args":[{"tag":"ViewBox","args":[{"minX":0,"minY":0,"width":512,"height":512}]}]},"width":{"tag":"Value","args":[{"tag":"Length","args":[{"tag":"Px","args":[512]}]}]},"xmlns":{"tag":"StringValue","args":["http://www.w3.org/2000/svg"]},"xmlns:xlink":{"tag":"StringValue","args":["http://www.w3.org/1999/xlink"]}},"children":[{"tag":"Element","args":[{"tagName":"g","attributes":{},"children":[{"tag":"Element","args":[{"tagName":"path","attributes":{"d":{"tag":"Value","args":[{"tag":"Paths","args":[[{"start":[140,143.6],"endings":{"tag":"Connected","args":[]},"cmds":[{"tag":"BezierCurveTo","args":[{"tag":"CParams","args":[{"c1":[124.1,159.5],"c2":[128.3,160.9],"end":[129.4,162]}]}]},{"tag":"BezierCurveTo","args":[{"tag":"CParams","args":[{"c1":[130.5,163.1],"c2":[219.2,247.6],"end":[219.2,247.6]}]}]},{"tag":"BezierCurveTo","args":[{"tag":"CParams","args":[{"c1":[219.2,247.6],"c2":[223.1,251],"end":[223.1,256]}]}]},{"tag":"LineTo","args":[{"point":[223.1,256]}]},{"tag":"BezierCurveTo","args":[{"tag":"CParams","args":[{"c1":[223.1,261],"c2":[219.2,264.4],"end":[219.2,264.4]}]}]},{"tag":"BezierCurveTo","args":[{"tag":"CParams","args":[{"c1":[219.2,264.4],"c2":[130.5,348.9],"end":[129.39999999999998,350]}]}]},{"tag":"BezierCurveTo","args":[{"tag":"CParams","args":[{"c1":[128.29999999999998,351.1],"c2":[124.09999999999998,352.5],"end":[139.99999999999997,368.4]}]}]},{"tag":"BezierCurveTo","args":[{"tag":"CParams","args":[{"c1":[155.89999999999998,384.29999999999995],"c2":[158.39999999999998,380.59999999999997],"end":[159.19999999999996,379.79999999999995]}]}]},{"tag":"LineTo","args":[{"point":[226.59999999999997,315.49999999999994]}]},{"tag":"BezierCurveTo","args":[{"tag":"CParams","args":[{"c1":[226.69999999999996,315.3999999999999],"c2":[226.79999999999995,315.29999999999995],"end":[226.89999999999998,315.19999999999993]}]}]},{"tag":"BezierCurveTo","args":[{"tag":"CParams","args":[{"c1":[226.99999999999997,315.0999999999999],"c2":[227.2,314.99999999999994],"end":[227.29999999999998,314.8999999999999]}]}]},{"tag":"BezierCurveTo","args":[{"tag":"CParams","args":[{"c1":[229.6,312.99999999999994],"c2":[237.1,304.2999999999999],"end":[237.1,311.69999999999993]}]}]},{"tag":"BezierCurveTo","args":[{"tag":"CParams","args":[{"c1":[237.1,318.99999999999994],"c2":[237.1,463.49999999999994],"end":[237.1,468.0999999999999]}]}]},{"tag":"LineTo","args":[{"point":[237.1,468.19999999999993]}]},{"tag":"LineTo","args":[{"point":[237.1,469.8999999999999]}]},{"tag":"BezierCurveTo","args":[{"tag":"CParams","args":[{"c1":[237.1,475.3999999999999],"c2":[242.29999999999998,479.99999999999994],"end":[248.7,479.99999999999994]}]}]},{"tag":"BezierCurveTo","args":[{"tag":"CParams","args":[{"c1":[252.2,479.99999999999994],"c2":[255.39999999999998,478.69999999999993],"end":[257.59999999999997,476.49999999999994]}]}]},{"tag":"LineTo","args":[{"point":[257.59999999999997,476.49999999999994]}]},{"tag":"BezierCurveTo","args":[{"tag":"CParams","args":[{"c1":[257.59999999999997,476.49999999999994],"c2":[375.79999999999995,363.69999999999993],"end":[380.4,359.29999999999995]}]}]},{"tag":"BezierCurveTo","args":[{"tag":"CParams","args":[{"c1":[385,354.9],"c2":[385.4,348.59999999999997],"end":[381.4,344.59999999999997]}]}]},{"tag":"LineTo","args":[{"point":[297.5,264.29999999999995]}]},{"tag":"BezierCurveTo","args":[{"tag":"CParams","args":[{"c1":[297.5,264.29999999999995],"c2":[293.1,259.99999999999994],"end":[293.1,255.99999999999994]}]}]},{"tag":"BezierCurveTo","args":[{"tag":"CParams","args":[{"c1":[293.1,251.99999999999994],"c2":[297.5,247.69999999999993],"end":[297.5,247.69999999999993]}]}]},{"tag":"LineTo","args":[{"point":[381.4,167.39999999999992]}]},{"tag":"BezierCurveTo","args":[{"tag":"CParams","args":[{"c1":[385.4,163.39999999999992],"c2":[385,156.99999999999991],"end":[380.4,152.69999999999993]}]}]},{"tag":"BezierCurveTo","args":[{"tag":"CParams","args":[{"c1":[375.79999999999995,148.29999999999993],"c2":[257.59999999999997,35.49999999999993],"end":[257.59999999999997,35.49999999999993]}]}]},{"tag":"LineTo","args":[{"point":[257.59999999999997,35.49999999999993]}]},{"tag":"BezierCurveTo","args":[{"tag":"CParams","args":[{"c1":[255.49999999999997,33.39999999999993],"c2":[252.29999999999995,31.99999999999993],"end":[248.79999999999995,31.99999999999993]}]}]},{"tag":"BezierCurveTo","args":[{"tag":"CParams","args":[{"c1":[242.39999999999995,31.99999999999993],"c2":[237.19999999999996,36.59999999999993],"end":[237.19999999999996,42.09999999999993]}]}]},{"tag":"LineTo","args":[{"point":[237.19999999999996,43.79999999999993]}]},{"tag":"LineTo","args":[{"point":[237.19999999999996,44]}]},{"tag":"BezierCurveTo","args":[{"tag":"CParams","args":[{"c1":[237.19999999999996,48.6],"c2":[237.19999999999996,193.1],"end":[237.19999999999996,200.4]}]}]},{"tag":"BezierCurveTo","args":[{"tag":"CParams","args":[{"c1":[237.19999999999996,207.8],"c2":[229.69999999999996,199.1],"end":[227.39999999999995,197.20000000000002]}]}]},{"tag":"BezierCurveTo","args":[{"tag":"CParams","args":[{"c1":[227.29999999999995,197.10000000000002],"c2":[227.09999999999994,197.00000000000003],"end":[226.99999999999994,196.9]}]}]},{"tag":"BezierCurveTo","args":[{"tag":"CParams","args":[{"c1":[226.89999999999995,196.8],"c2":[226.79999999999995,196.70000000000002],"end":[226.69999999999993,196.6]}]}]},{"tag":"LineTo","args":[{"point":[159.29999999999993,132.3]}]},{"tag":"BezierCurveTo","args":[{"tag":"CParams","args":[{"c1":[158.3,131.4],"c2":[155.9,127.7],"end":[140,143.6]}]}]}]},{"start":[280,119.9],"endings":{"tag":"Connected","args":[]},"cmds":[{"tag":"BezierCurveTo","args":[{"tag":"CParams","args":[{"c1":[280,113.30000000000001],"c2":[287.5,122.2],"end":[289.8,124.30000000000001]}]}]},{"tag":"LineTo","args":[{"point":[320.3,153.5]}]},{"tag":"BezierCurveTo","args":[{"tag":"CParams","args":[{"c1":[322.40000000000003,155.5],"c2":[323.2,158.2],"end":[323.2,160.7]}]}]},{"tag":"BezierCurveTo","args":[{"tag":"CParams","args":[{"c1":[323.2,163.2],"c2":[322.2,166.29999999999998],"end":[320.4,168]}]}]},{"tag":"BezierCurveTo","args":[{"tag":"CParams","args":[{"c1":[318.59999999999997,169.7],"c2":[289.59999999999997,197.5],"end":[289.59999999999997,197.5]}]}]},{"tag":"BezierCurveTo","args":[{"tag":"CParams","args":[{"c1":[287.29999999999995,199.3],"c2":[279.99999999999994,207.3],"end":[279.99999999999994,199.2]}]}]},{"tag":"BezierCurveTo","args":[{"tag":"CParams","args":[{"c1":[280,199.2],"c2":[280,126.5],"end":[280,119.9]}]}]}]},{"start":[280,312.8],"endings":{"tag":"Connected","args":[]},"cmds":[{"tag":"BezierCurveTo","args":[{"tag":"CParams","args":[{"c1":[280,304.6],"c2":[287.2,312.6],"end":[289.6,314.5]}]}]},{"tag":"BezierCurveTo","args":[{"tag":"CParams","args":[{"c1":[289.6,314.5],"c2":[318.70000000000005,342.3],"end":[320.5,344]}]}]},{"tag":"BezierCurveTo","args":[{"tag":"CParams","args":[{"c1":[322.3,345.7],"c2":[323.3,348.9],"end":[323.3,351.3]}]}]},{"tag":"BezierCurveTo","args":[{"tag":"CParams","args":[{"c1":[323.3,353.70000000000005],"c2":[322.5,356.5],"end":[320.40000000000003,358.5]}]}]},{"tag":"LineTo","args":[{"point":[289.90000000000003,387.7]}]},{"tag":"BezierCurveTo","args":[{"tag":"CParams","args":[{"c1":[287.6,389.8],"c2":[280.1,398.7],"end":[280.1,392.09999999999997]}]}]},{"tag":"BezierCurveTo","args":[{"tag":"CParams","args":[{"c1":[280,385.5],"c2":[280,312.8],"end":[280,312.8]}]}]}]}]]}]}},"children":[]}]}]}]}]}]},"palettes":{"index":0,"table":[[{"background":{"tag":"AutomaticColor","args":[]},"foreground":{"tag":"AutomaticColor","args":[]}},[]]]}}]}